m=3 z=0 d=6: 10 exposed forms
  form [-1, 0, 1, 1, 2]: 5 vertices; chains feasible at all vertices: 1/1 (base); vertices covered by some chain: 5/5; |cost-form|=1.1e-16 |kappa-form|=1.1e-16  [OK]
  form [0, 0, 1, 1, 1]: 5 vertices; chains feasible at all vertices: 1/1 (base); vertices covered by some chain: 5/5; |cost-form|=0.0e+00 |kappa-form|=0.0e+00  [OK]
  form [0, 1, 1, 1, 0]: 5 vertices; chains feasible at all vertices: 1/1 (base); vertices covered by some chain: 5/5; |cost-form|=0.0e+00 |kappa-form|=2.2e-16  [OK]
  form [0, 1, 2, 1, -1]: 5 vertices; chains feasible at all vertices: 1/1 (base); vertices covered by some chain: 5/5; |cost-form|=2.2e-16 |kappa-form|=1.1e-16  [OK]
  form [1, 0, 1, 0, 1]: 5 vertices; chains feasible at all vertices: 1/1 (base); vertices covered by some chain: 5/5; |cost-form|=2.2e-16 |kappa-form|=2.2e-16  [OK]
  form [1, 2, 1, 0, -1]: 5 vertices; chains feasible at all vertices: 1/1 (base); vertices covered by some chain: 5/5; |cost-form|=2.2e-16 |kappa-form|=2.2e-16  [OK]
  form [2, 1, 1, -1, 0]: 5 vertices; chains feasible at all vertices: 1/1 (base); vertices covered by some chain: 5/5; |cost-form|=2.2e-16 |kappa-form|=2.2e-16  [OK]
  form [2, 2, 1, -1, -1]: 5 vertices; chains feasible at all vertices: 1/1 (base); vertices covered by some chain: 5/5; |cost-form|=2.2e-16 |kappa-form|=0.0e+00  [OK]
  form [2, 3, 1, -2, -1]: 5 vertices; chains feasible at all vertices: 1/1 (base); vertices covered by some chain: 5/5; |cost-form|=2.2e-16 |kappa-form|=2.2e-16  [OK]
  form [3, 1, 2, -2, -1]: 5 vertices; chains feasible at all vertices: 1/1 (base); vertices covered by some chain: 5/5; |cost-form|=1.1e-16 |kappa-form|=3.3e-16  [OK]
RESULT m=3 z=0 d=6: 50 chamber vertices; every chamber covered by a single chain feasible at all its vertices: True  (0s)
m=4 z=0 d=7: 19 exposed forms
  form [-1, 0, 0, 1, 2, 1]: 7 vertices; chains feasible at all vertices: 1/1 (base); vertices covered by some chain: 7/7; |cost-form|=2.2e-16 |kappa-form|=0.0e+00  [OK]
  form [-1, 0, 1, 0, 1, 2]: 6 vertices; chains feasible at all vertices: 1/1 (base); vertices covered by some chain: 6/6; |cost-form|=2.2e-16 |kappa-form|=2.2e-16  [OK]
  form [-1, 0, 1, 1, 2, 0]: 6 vertices; chains feasible at all vertices: 1/1 (base); vertices covered by some chain: 6/6; |cost-form|=2.2e-16 |kappa-form|=2.2e-16  [OK]
  form [-1, 0, 1, 2, 2, -1]: 6 vertices; chains feasible at all vertices: 1/1 (base); vertices covered by some chain: 6/6; |cost-form|=0.0e+00 |kappa-form|=0.0e+00  [OK]
  form [0, -1, 0, 1, 1, 2]: 6 vertices; chains feasible at all vertices: 1/1 (base); vertices covered by some chain: 6/6; |cost-form|=0.0e+00 |kappa-form|=0.0e+00  [OK]
  form [0, 0, 1, 1, 1, 1]: 8 vertices; chains feasible at all vertices: 1/1 (base); vertices covered by some chain: 8/8; |cost-form|=0.0e+00 |kappa-form|=4.4e-16  [OK]
  form [0, 1, 1, 1, 1, 0]: 6 vertices; chains feasible at all vertices: 1/1 (base); vertices covered by some chain: 6/6; |cost-form|=2.2e-16 |kappa-form|=2.2e-16  [OK]
  form [0, 1, 1, 2, 0, 1]: 7 vertices; chains feasible at all vertices: 1/1 (base); vertices covered by some chain: 7/7; |cost-form|=0.0e+00 |kappa-form|=0.0e+00  [OK]
  form [0, 1, 2, 1, 1, -1]: 6 vertices; chains feasible at all vertices: 1/1 (base); vertices covered by some chain: 6/6; |cost-form|=2.2e-16 |kappa-form|=2.2e-16  [OK]
  form [1, 0, 1, 1, 0, 1]: 6 vertices; chains feasible at all vertices: 1/1 (base); vertices covered by some chain: 6/6; |cost-form|=0.0e+00 |kappa-form|=0.0e+00  [OK]
  form [1, 1, 1, 2, 0, 0]: 6 vertices; chains feasible at all vertices: 1/1 (base); vertices covered by some chain: 6/6; |cost-form|=0.0e+00 |kappa-form|=0.0e+00  [OK]
  form [1, 1, 2, 3, -1, 0]: 6 vertices; chains feasible at all vertices: 1/1 (base); vertices covered by some chain: 6/6; |cost-form|=0.0e+00 |kappa-form|=0.0e+00  [OK]
  form [1, 2, 1, 2, 0, -1]: 7 vertices; chains feasible at all vertices: 1/1 (base); vertices covered by some chain: 7/7; |cost-form|=0.0e+00 |kappa-form|=0.0e+00  [OK]
  form [1, 2, 3, 4, -2, -1]: 6 vertices; chains feasible at all vertices: 1/1 (base); vertices covered by some chain: 6/6; |cost-form|=0.0e+00 |kappa-form|=2.2e-16  [OK]
  form [2, 1, 1, 2, -1, 0]: 8 vertices; chains feasible at all vertices: 1/1 (base); vertices covered by some chain: 8/8; |cost-form|=0.0e+00 |kappa-form|=0.0e+00  [OK]
  form [2, 1, 2, 3, -1, -1]: 7 vertices; chains feasible at all vertices: 1/1 (base); vertices covered by some chain: 7/7; |cost-form|=0.0e+00 |kappa-form|=0.0e+00  [OK]
  form [2, 2, 1, 2, -1, -1]: 6 vertices; chains feasible at all vertices: 1/1 (base); vertices covered by some chain: 6/6; |cost-form|=0.0e+00 |kappa-form|=4.4e-16  [OK]
  form [2, 3, 1, 2, -2, -1]: 6 vertices; chains feasible at all vertices: 1/1 (base); vertices covered by some chain: 6/6; |cost-form|=0.0e+00 |kappa-form|=0.0e+00  [OK]
  form [3, 1, 2, 2, -2, -1]: 6 vertices; chains feasible at all vertices: 1/1 (base); vertices covered by some chain: 6/6; |cost-form|=1.1e-16 |kappa-form|=6.7e-16  [OK]
RESULT m=4 z=0 d=7: 122 chamber vertices; every chamber covered by a single chain feasible at all its vertices: True  (27s)
m=5 z=0 d=8: 27 exposed forms
  form [-2, -1, -1, 0, 1, 2, 3]: 7 vertices; chains feasible at all vertices: 1/1 (base); vertices covered by some chain: 7/7; |cost-form|=0.0e+00 |kappa-form|=0.0e+00  [OK]
  form [-2, -1, 0, 0, 1, 3, 1]: 8 vertices; chains feasible at all vertices: 1/1 (base); vertices covered by some chain: 8/8; |cost-form|=0.0e+00 |kappa-form|=0.0e+00  [OK]
  form [-2, -1, 0, 1, 1, 3, 0]: 7 vertices; chains feasible at all vertices: 1/1 (base); vertices covered by some chain: 7/7; |cost-form|=0.0e+00 |kappa-form|=0.0e+00  [OK]
  form [-2, -1, 0, 1, 2, 3, -1]: 7 vertices; chains feasible at all vertices: 1/1 (base); vertices covered by some chain: 7/7; |cost-form|=4.4e-16 |kappa-form|=0.0e+00  [OK]
  form [-1, -1, 0, 0, 1, 2, 2]: 9 vertices; chains feasible at all vertices: 1/1 (base); vertices covered by some chain: 9/9; |cost-form|=0.0e+00 |kappa-form|=0.0e+00  [OK]
  form [-1, 0, 0, 1, 1, 2, 1]: 10 vertices; chains feasible at all vertices: 1/1 (base); vertices covered by some chain: 10/10; |cost-form|=0.0e+00 |kappa-form|=2.2e-16  [OK]
  form [-1, 0, 1, 0, 1, 1, 2]: 8 vertices; chains feasible at all vertices: 1/1 (base); vertices covered by some chain: 8/8; |cost-form|=2.2e-16 |kappa-form|=0.0e+00  [OK]
  form [-1, 0, 1, 1, 1, 2, 0]: 7 vertices; chains feasible at all vertices: 1/1 (base); vertices covered by some chain: 7/7; |cost-form|=0.0e+00 |kappa-form|=0.0e+00  [OK]
  form [-1, 0, 1, 2, 1, 2, -1]: 7 vertices; chains feasible at all vertices: 1/1 (base); vertices covered by some chain: 7/7; |cost-form|=0.0e+00 |kappa-form|=0.0e+00  [OK]
  form [0, -1, 0, 1, 1, 1, 2]: 8 vertices; chains feasible at all vertices: 1/1 (base); vertices covered by some chain: 8/8; |cost-form|=2.2e-16 |kappa-form|=0.0e+00  [OK]
  form [0, 0, 1, 1, 1, 1, 1]: 9 vertices; chains feasible at all vertices: 1/1 (base); vertices covered by some chain: 9/9; |cost-form|=0.0e+00 |kappa-form|=2.2e-16  [OK]
  form [0, 1, 1, 1, 2, 1, 0]: 9 vertices; chains feasible at all vertices: 1/1 (base); vertices covered by some chain: 9/9; |cost-form|=0.0e+00 |kappa-form|=4.4e-16  [OK]
  form [0, 1, 1, 2, 1, 0, 1]: 8 vertices; chains feasible at all vertices: 1/1 (base); vertices covered by some chain: 8/8; |cost-form|=0.0e+00 |kappa-form|=2.2e-16  [OK]
  form [0, 1, 2, 1, 2, 1, -1]: 7 vertices; chains feasible at all vertices: 1/1 (base); vertices covered by some chain: 7/7; |cost-form|=0.0e+00 |kappa-form|=2.2e-16  [OK]
  form [1, 0, 1, 1, 2, 0, 1]: 8 vertices; chains feasible at all vertices: 1/1 (base); vertices covered by some chain: 8/8; |cost-form|=0.0e+00 |kappa-form|=0.0e+00  [OK]
  form [1, 1, 1, 2, 2, 0, 0]: 9 vertices; chains feasible at all vertices: 1/1 (base); vertices covered by some chain: 9/9; |cost-form|=0.0e+00 |kappa-form|=0.0e+00  [OK]
  form [1, 1, 2, 2, 3, 0, -1]: 8 vertices; chains feasible at all vertices: 1/1 (base); vertices covered by some chain: 8/8; |cost-form|=2.2e-16 |kappa-form|=2.2e-16  [OK]
  form [1, 1, 2, 3, 2, -1, 0]: 10 vertices; chains feasible at all vertices: 1/1 (base); vertices covered by some chain: 10/10; |cost-form|=2.2e-16 |kappa-form|=0.0e+00  [OK]
  form [1, 2, 1, 2, 2, 0, -1]: 8 vertices; chains feasible at all vertices: 1/1 (base); vertices covered by some chain: 8/8; |cost-form|=0.0e+00 |kappa-form|=2.2e-16  [OK]
  form [1, 2, 1, 2, 3, -1, 0]: 8 vertices; chains feasible at all vertices: 1/1 (base); vertices covered by some chain: 8/8; |cost-form|=0.0e+00 |kappa-form|=0.0e+00  [OK]
  form [1, 2, 2, 3, 3, -1, -1]: 9 vertices; chains feasible at all vertices: 1/1 (base); vertices covered by some chain: 9/9; |cost-form|=0.0e+00 |kappa-form|=0.0e+00  [OK]
  form [1, 2, 3, 3, 4, -2, -1]: 7 vertices; chains feasible at all vertices: 1/1 (base); vertices covered by some chain: 7/7; |cost-form|=0.0e+00 |kappa-form|=6.7e-16  [OK]
  form [2, 1, 1, 2, 2, -1, 0]: 9 vertices; chains feasible at all vertices: 1/1 (base); vertices covered by some chain: 9/9; |cost-form|=0.0e+00 |kappa-form|=2.2e-16  [OK]
  form [2, 1, 2, 3, 2, -1, -1]: 8 vertices; chains feasible at all vertices: 1/1 (base); vertices covered by some chain: 8/8; |cost-form|=4.4e-16 |kappa-form|=4.4e-16  [OK]
  form [2, 2, 1, 2, 3, -1, -1]: 9 vertices; chains feasible at all vertices: 1/1 (base); vertices covered by some chain: 9/9; |cost-form|=0.0e+00 |kappa-form|=4.4e-16  [OK]
  form [2, 3, 1, 2, 3, -2, -1]: 7 vertices; chains feasible at all vertices: 1/1 (base); vertices covered by some chain: 7/7; |cost-form|=4.4e-16 |kappa-form|=2.2e-16  [OK]
  form [3, 1, 2, 2, 3, -2, -1]: 7 vertices; chains feasible at all vertices: 1/1 (base); vertices covered by some chain: 7/7; |cost-form|=4.4e-16 |kappa-form|=6.7e-16  [OK]
RESULT m=5 z=0 d=8: 218 chamber vertices; every chamber covered by a single chain feasible at all its vertices: True  (0s)
m=6 z=0 d=9: 34 exposed forms
  form [-3, -2, -1, 0, 0, 1, 4, 1]: 9 vertices; chains feasible at all vertices: 1/1 (base); vertices covered by some chain: 9/9; |cost-form|=4.4e-16 |kappa-form|=4.4e-16  [OK]
  form [-3, -2, -1, 0, 1, 1, 4, 0]: 8 vertices; chains feasible at all vertices: 1/1 (base); vertices covered by some chain: 8/8; |cost-form|=4.4e-16 |kappa-form|=0.0e+00  [OK]
  form [-3, -2, -1, 0, 1, 2, 4, -1]: 8 vertices; chains feasible at all vertices: 1/1 (base); vertices covered by some chain: 8/8; |cost-form|=4.4e-16 |kappa-form|=0.0e+00  [OK]
  form [-2, -1, -1, 0, 0, 1, 3, 2]: 10 vertices; chains feasible at all vertices: 1/1 (base); vertices covered by some chain: 10/10; |cost-form|=4.4e-16 |kappa-form|=8.9e-16  [OK]
  form [-2, -1, -1, 0, 1, 0, 2, 3]: 8 vertices; chains feasible at all vertices: 1/1 (base); vertices covered by some chain: 8/8; |cost-form|=0.0e+00 |kappa-form|=2.2e-16  [OK]
  form [-2, -1, 0, -1, 0, 1, 2, 3]: 8 vertices; chains feasible at all vertices: 1/1 (base); vertices covered by some chain: 8/8; |cost-form|=4.4e-16 |kappa-form|=2.2e-16  [OK]
  form [-2, -1, 0, 0, 1, 1, 3, 1]: 11 vertices; chains feasible at all vertices: 1/1 (base); vertices covered by some chain: 11/11; |cost-form|=2.2e-16 |kappa-form|=6.7e-16  [OK]
  form [-2, -1, 0, 1, 1, 1, 3, 0]: 8 vertices; chains feasible at all vertices: 1/1 (base); vertices covered by some chain: 8/8; |cost-form|=0.0e+00 |kappa-form|=2.2e-16  [OK]
  form [-2, -1, 0, 1, 2, 1, 3, -1]: 8 vertices; chains feasible at all vertices: 1/1 (base); vertices covered by some chain: 8/8; |cost-form|=2.2e-16 |kappa-form|=0.0e+00  [OK]
  form [-1, -2, -1, 0, 0, 1, 2, 3]: 8 vertices; chains feasible at all vertices: 1/1 (base); vertices covered by some chain: 8/8; |cost-form|=4.4e-16 |kappa-form|=2.2e-15  [OK]
  form [-1, -1, 0, 0, 1, 1, 2, 2]: 13 vertices; chains feasible at all vertices: 1/1 (base); vertices covered by some chain: 13/13; |cost-form|=2.2e-16 |kappa-form|=0.0e+00  [OK]
  form [-1, 0, 0, 1, 1, 1, 2, 1]: 11 vertices; chains feasible at all vertices: 1/1 (base); vertices covered by some chain: 11/11; |cost-form|=0.0e+00 |kappa-form|=1.3e-15  [OK]
  form [-1, 0, 0, 1, 1, 2, 1, 2]: 8 vertices; chains feasible at all vertices: 1/1 (base); vertices covered by some chain: 8/8; |cost-form|=0.0e+00 |kappa-form|=2.2e-16  [OK]
  form [-1, 0, 1, 0, 1, 1, 1, 2]: 9 vertices; chains feasible at all vertices: 1/1 (base); vertices covered by some chain: 9/9; |cost-form|=2.2e-16 |kappa-form|=2.2e-16  [OK]
  form [-1, 0, 1, 1, 1, 2, 2, 0]: 10 vertices; chains feasible at all vertices: 1/1 (base); vertices covered by some chain: 10/10; |cost-form|=2.2e-16 |kappa-form|=2.2e-16  [OK]
  form [-1, 0, 1, 2, 1, 2, 2, -1]: 8 vertices; chains feasible at all vertices: 1/1 (base); vertices covered by some chain: 8/8; |cost-form|=0.0e+00 |kappa-form|=2.2e-16  [OK]
  form [0, -1, 0, 1, 1, 1, 1, 2]: 9 vertices; chains feasible at all vertices: 1/1 (base); vertices covered by some chain: 9/9; |cost-form|=4.4e-16 |kappa-form|=8.9e-16  [OK]
  form [0, 0, 1, 1, 1, 2, 1, 1]: 13 vertices; chains feasible at all vertices: 1/1 (base); vertices covered by some chain: 13/13; |cost-form|=0.0e+00 |kappa-form|=2.2e-16  [OK]
  form [0, 1, 1, 1, 2, 2, 1, 0]: 12 vertices; chains feasible at all vertices: 1/1 (base); vertices covered by some chain: 12/12; |cost-form|=0.0e+00 |kappa-form|=6.7e-16  [OK]
  form [0, 1, 1, 2, 1, 2, 0, 1]: 9 vertices; chains feasible at all vertices: 1/1 (base); vertices covered by some chain: 9/9; |cost-form|=5.6e-16 |kappa-form|=6.7e-16  [OK]
  form [0, 1, 1, 2, 2, 3, 1, -1]: 8 vertices; chains feasible at all vertices: 1/1 (base); vertices covered by some chain: 8/8; |cost-form|=0.0e+00 |kappa-form|=4.4e-16  [OK]
  form [0, 1, 2, 1, 2, 2, 1, -1]: 8 vertices; chains feasible at all vertices: 1/1 (base); vertices covered by some chain: 8/8; |cost-form|=2.2e-16 |kappa-form|=0.0e+00  [OK]
  form [1, 0, 1, 1, 2, 2, 0, 1]: 10 vertices; chains feasible at all vertices: 1/1 (base); vertices covered by some chain: 10/10; |cost-form|=4.4e-16 |kappa-form|=0.0e+00  [OK]
  form [1, 1, 1, 2, 2, 2, 0, 0]: 10 vertices; chains feasible at all vertices: 1/1 (base); vertices covered by some chain: 10/10; |cost-form|=0.0e+00 |kappa-form|=0.0e+00  [OK]
  form [1, 1, 2, 2, 3, 2, 0, -1]: 9 vertices; chains feasible at all vertices: 1/1 (base); vertices covered by some chain: 9/9; |cost-form|=2.2e-16 |kappa-form|=2.2e-16  [OK]
  form [1, 1, 2, 3, 2, 2, -1, 0]: 11 vertices; chains feasible at all vertices: 1/1 (base); vertices covered by some chain: 11/11; |cost-form|=0.0e+00 |kappa-form|=4.4e-16  [OK]
  form [1, 2, 1, 2, 2, 3, 0, -1]: 9 vertices; chains feasible at all vertices: 1/1 (base); vertices covered by some chain: 9/9; |cost-form|=2.2e-16 |kappa-form|=2.2e-16  [OK]
  form [1, 2, 1, 2, 3, 2, -1, 0]: 9 vertices; chains feasible at all vertices: 1/1 (base); vertices covered by some chain: 9/9; |cost-form|=4.4e-16 |kappa-form|=4.4e-16  [OK]
  form [1, 2, 2, 3, 3, 2, -1, -1]: 11 vertices; chains feasible at all vertices: 1/1 (base); vertices covered by some chain: 11/11; |cost-form|=0.0e+00 |kappa-form|=0.0e+00  [OK]
  form [2, 1, 1, 2, 2, 3, -1, 0]: 11 vertices; chains feasible at all vertices: 1/1 (base); vertices covered by some chain: 11/11; |cost-form|=2.2e-16 |kappa-form|=0.0e+00  [OK]
  form [2, 1, 2, 3, 2, 3, -1, -1]: 9 vertices; chains feasible at all vertices: 1/1 (base); vertices covered by some chain: 9/9; |cost-form|=4.4e-16 |kappa-form|=1.4e-15  [OK]
  form [2, 2, 1, 2, 3, 3, -1, -1]: 11 vertices; chains feasible at all vertices: 1/1 (base); vertices covered by some chain: 11/11; |cost-form|=2.2e-16 |kappa-form|=1.1e-16  [OK]
  form [2, 3, 1, 2, 3, 3, -2, -1]: 8 vertices; chains feasible at all vertices: 1/1 (base); vertices covered by some chain: 8/8; |cost-form|=4.4e-16 |kappa-form|=7.8e-16  [OK]
  form [3, 1, 2, 2, 3, 3, -2, -1]: 8 vertices; chains feasible at all vertices: 1/1 (base); vertices covered by some chain: 8/8; |cost-form|=4.4e-16 |kappa-form|=1.3e-15  [OK]
RESULT m=6 z=0 d=9: 320 chamber vertices; every chamber covered by a single chain feasible at all its vertices: True  (1s)
m=7 z=0 d=10: 46 exposed forms
  form [-4, -3, -2, -1, 0, 0, 1, 5, 1]: 10 vertices; chains feasible at all vertices: 1/1 (base); vertices covered by some chain: 10/10; |cost-form|=0.0e+00 |kappa-form|=4.4e-16  [OK]
  form [-4, -3, -2, -1, 0, 1, 1, 5, 0]: 9 vertices; chains feasible at all vertices: 1/1 (base); vertices covered by some chain: 9/9; |cost-form|=4.4e-16 |kappa-form|=4.4e-16  [OK]
  form [-4, -3, -2, -1, 0, 1, 2, 5, -1]: 9 vertices; chains feasible at all vertices: 1/1 (base); vertices covered by some chain: 9/9; |cost-form|=0.0e+00 |kappa-form|=1.8e-15  [OK]
  form [-3, -2, -2, -1, -1, 0, 1, 3, 4]: 9 vertices; chains feasible at all vertices: 1/1 (base); vertices covered by some chain: 9/9; |cost-form|=0.0e+00 |kappa-form|=4.4e-16  [OK]
  form [-3, -2, -1, -1, 0, 0, 1, 4, 2]: 11 vertices; chains feasible at all vertices: 1/1 (base); vertices covered by some chain: 11/11; |cost-form|=0.0e+00 |kappa-form|=4.4e-16  [OK]
  form [-3, -2, -1, 0, 0, 1, 1, 4, 1]: 12 vertices; chains feasible at all vertices: 1/1 (base); vertices covered by some chain: 12/12; |cost-form|=0.0e+00 |kappa-form|=0.0e+00  [OK]
  form [-3, -2, -1, 0, 1, 1, 1, 4, 0]: 9 vertices; chains feasible at all vertices: 1/1 (base); vertices covered by some chain: 9/9; |cost-form|=0.0e+00 |kappa-form|=4.4e-16  [OK]
  form [-3, -2, -1, 0, 1, 2, 1, 4, -1]: 9 vertices; chains feasible at all vertices: 1/1 (base); vertices covered by some chain: 9/9; |cost-form|=4.4e-16 |kappa-form|=1.3e-15  [OK]
  form [-2, -2, -1, -1, 0, 0, 1, 3, 3]: 14 vertices; chains feasible at all vertices: 1/1 (base); vertices covered by some chain: 14/14; |cost-form|=0.0e+00 |kappa-form|=4.4e-16  [OK]
  form [-2, -1, -1, 0, 0, 1, 1, 3, 2]: 13 vertices; chains feasible at all vertices: 1/1 (base); vertices covered by some chain: 13/13; |cost-form|=0.0e+00 |kappa-form|=1.3e-15  [OK]
  form [-2, -1, -1, 0, 1, 0, 1, 2, 3]: 10 vertices; chains feasible at all vertices: 1/1 (base); vertices covered by some chain: 10/10; |cost-form|=2.2e-16 |kappa-form|=6.7e-16  [OK]
  form [-2, -1, 0, -1, 0, 1, 1, 2, 3]: 10 vertices; chains feasible at all vertices: 1/1 (base); vertices covered by some chain: 10/10; |cost-form|=0.0e+00 |kappa-form|=1.8e-15  [OK]
  form [-2, -1, 0, 0, 1, 1, 1, 3, 1]: 12 vertices; chains feasible at all vertices: 1/1 (base); vertices covered by some chain: 12/12; |cost-form|=0.0e+00 |kappa-form|=0.0e+00  [OK]
  form [-2, -1, 0, 1, 1, 1, 2, 3, 0]: 11 vertices; chains feasible at all vertices: 1/1 (base); vertices covered by some chain: 11/11; |cost-form|=4.4e-16 |kappa-form|=1.3e-15  [OK]
  form [-2, -1, 0, 1, 2, 1, 2, 3, -1]: 9 vertices; chains feasible at all vertices: 1/1 (base); vertices covered by some chain: 9/9; |cost-form|=4.4e-16 |kappa-form|=1.8e-15  [OK]
  form [-1, -2, -1, 0, 0, 1, 1, 2, 3]: 10 vertices; chains feasible at all vertices: 1/1 (base); vertices covered by some chain: 10/10; |cost-form|=0.0e+00 |kappa-form|=1.3e-15  [OK]
  form [-1, -1, 0, 0, 1, 1, 1, 2, 2]: 14 vertices; chains feasible at all vertices: 1/1 (base); vertices covered by some chain: 14/14; |cost-form|=0.0e+00 |kappa-form|=6.7e-16  [OK]
  form [-1, 0, 0, 1, 1, 1, 2, 2, 1]: 14 vertices; chains feasible at all vertices: 1/1 (base); vertices covered by some chain: 14/14; |cost-form|=6.7e-16 |kappa-form|=4.4e-16  [OK]
  form [-1, 0, 0, 1, 1, 2, 1, 1, 2]: 9 vertices; chains feasible at all vertices: 1/1 (base); vertices covered by some chain: 9/9; |cost-form|=2.2e-16 |kappa-form|=1.1e-15  [OK]
  form [-1, 0, 1, 0, 1, 1, 2, 1, 2]: 10 vertices; chains feasible at all vertices: 1/1 (base); vertices covered by some chain: 10/10; |cost-form|=4.4e-16 |kappa-form|=5.6e-16  [OK]
  form [-1, 0, 1, 1, 1, 2, 2, 2, 0]: 13 vertices; chains feasible at all vertices: 1/1 (base); vertices covered by some chain: 13/13; |cost-form|=4.4e-16 |kappa-form|=4.4e-16  [OK]
  form [-1, 0, 1, 1, 2, 2, 3, 2, -1]: 9 vertices; chains feasible at all vertices: 1/1 (base); vertices covered by some chain: 9/9; |cost-form|=0.0e+00 |kappa-form|=2.2e-16  [OK]
  form [-1, 0, 1, 2, 1, 2, 2, 2, -1]: 9 vertices; chains feasible at all vertices: 1/1 (base); vertices covered by some chain: 9/9; |cost-form|=0.0e+00 |kappa-form|=0.0e+00  [OK]
  form [0, -1, 0, 1, 1, 1, 2, 1, 2]: 11 vertices; chains feasible at all vertices: 1/1 (base); vertices covered by some chain: 11/11; |cost-form|=2.2e-16 |kappa-form|=4.4e-16  [OK]
  form [0, 0, 1, 1, 1, 2, 2, 1, 1]: 17 vertices; chains feasible at all vertices: 1/1 (base); vertices covered by some chain: 17/17; |cost-form|=4.4e-16 |kappa-form|=8.9e-16  [OK]
  form [0, 1, 1, 1, 2, 2, 2, 1, 0]: 13 vertices; chains feasible at all vertices: 1/1 (base); vertices covered by some chain: 13/13; |cost-form|=2.2e-16 |kappa-form|=0.0e+00  [OK]
  form [0, 1, 1, 1, 2, 2, 3, 0, 1]: 11 vertices; chains feasible at all vertices: 1/1 (base); vertices covered by some chain: 11/11; |cost-form|=0.0e+00 |kappa-form|=2.2e-16  [OK]
  form [0, 1, 1, 2, 1, 2, 2, 0, 1]: 10 vertices; chains feasible at all vertices: 1/1 (base); vertices covered by some chain: 10/10; |cost-form|=0.0e+00 |kappa-form|=4.4e-16  [OK]
  form [0, 1, 1, 2, 2, 3, 2, 1, -1]: 9 vertices; chains feasible at all vertices: 1/1 (base); vertices covered by some chain: 9/9; |cost-form|=2.2e-16 |kappa-form|=6.7e-16  [OK]
  form [0, 1, 2, 1, 2, 2, 3, 1, -1]: 9 vertices; chains feasible at all vertices: 1/1 (base); vertices covered by some chain: 9/9; |cost-form|=8.9e-16 |kappa-form|=8.9e-16  [OK]
  form [1, 0, 1, 1, 2, 2, 2, 0, 1]: 11 vertices; chains feasible at all vertices: 1/1 (base); vertices covered by some chain: 11/11; |cost-form|=0.0e+00 |kappa-form|=4.4e-16  [OK]
  form [1, 1, 1, 2, 2, 2, 3, 0, 0]: 16 vertices; chains feasible at all vertices: 1/1 (base); vertices covered by some chain: 16/16; |cost-form|=4.4e-16 |kappa-form|=4.4e-16  [OK]
  form [1, 1, 2, 2, 2, 3, 4, -1, 0]: 12 vertices; chains feasible at all vertices: 1/1 (base); vertices covered by some chain: 12/12; |cost-form|=2.2e-16 |kappa-form|=2.2e-16  [OK]
  form [1, 1, 2, 2, 3, 2, 3, 0, -1]: 11 vertices; chains feasible at all vertices: 1/1 (base); vertices covered by some chain: 11/11; |cost-form|=0.0e+00 |kappa-form|=8.9e-16  [OK]
  form [1, 1, 2, 3, 2, 2, 3, -1, 0]: 15 vertices; chains feasible at all vertices: 1/1 (base); vertices covered by some chain: 15/15; |cost-form|=0.0e+00 |kappa-form|=0.0e+00  [OK]
  form [1, 2, 1, 2, 2, 3, 3, 0, -1]: 11 vertices; chains feasible at all vertices: 1/1 (base); vertices covered by some chain: 11/11; |cost-form|=0.0e+00 |kappa-form|=0.0e+00  [OK]
  form [1, 2, 1, 2, 3, 2, 3, -1, 0]: 11 vertices; chains feasible at all vertices: 1/1 (base); vertices covered by some chain: 11/11; |cost-form|=6.7e-16 |kappa-form|=1.1e-15  [OK]
  form [1, 2, 2, 3, 2, 3, 4, -1, -1]: 11 vertices; chains feasible at all vertices: 1/1 (base); vertices covered by some chain: 11/11; |cost-form|=2.2e-16 |kappa-form|=0.0e+00  [OK]
  form [1, 2, 2, 3, 3, 2, 3, -1, -1]: 12 vertices; chains feasible at all vertices: 1/1 (base); vertices covered by some chain: 12/12; |cost-form|=2.2e-16 |kappa-form|=2.2e-16  [OK]
  form [1, 2, 2, 3, 3, 4, 5, -2, -1]: 9 vertices; chains feasible at all vertices: 1/1 (base); vertices covered by some chain: 9/9; |cost-form|=4.4e-16 |kappa-form|=2.2e-16  [OK]
  form [2, 1, 1, 2, 2, 3, 3, -1, 0]: 15 vertices; chains feasible at all vertices: 1/1 (base); vertices covered by some chain: 15/15; |cost-form|=0.0e+00 |kappa-form|=4.4e-16  [OK]
  form [2, 1, 2, 2, 3, 3, 4, -1, -1]: 11 vertices; chains feasible at all vertices: 1/1 (base); vertices covered by some chain: 11/11; |cost-form|=4.4e-16 |kappa-form|=2.2e-16  [OK]
  form [2, 1, 2, 3, 2, 3, 3, -1, -1]: 10 vertices; chains feasible at all vertices: 1/1 (base); vertices covered by some chain: 10/10; |cost-form|=0.0e+00 |kappa-form|=0.0e+00  [OK]
  form [2, 2, 1, 2, 3, 3, 3, -1, -1]: 12 vertices; chains feasible at all vertices: 1/1 (base); vertices covered by some chain: 12/12; |cost-form|=4.4e-16 |kappa-form|=6.7e-16  [OK]
  form [2, 3, 1, 2, 3, 3, 4, -2, -1]: 9 vertices; chains feasible at all vertices: 1/1 (base); vertices covered by some chain: 9/9; |cost-form|=2.2e-16 |kappa-form|=1.8e-15  [OK]
  form [3, 1, 2, 2, 3, 3, 4, -2, -1]: 9 vertices; chains feasible at all vertices: 1/1 (base); vertices covered by some chain: 9/9; |cost-form|=4.4e-16 |kappa-form|=0.0e+00  [OK]
RESULT m=7 z=0 d=10: 510 chamber vertices; every chamber covered by a single chain feasible at all its vertices: True  (1s)
m=8 z=0 d=11: 60 exposed forms
  form [-5, -4, -3, -2, -1, 0, 0, 1, 6, 1]: 11 vertices; chains feasible at all vertices: 1/1 (base); vertices covered by some chain: 11/11; |cost-form|=4.4e-16 |kappa-form|=4.4e-16  [OK]
  form [-5, -4, -3, -2, -1, 0, 1, 1, 6, 0]: 10 vertices; chains feasible at all vertices: 1/1 (base); vertices covered by some chain: 10/10; |cost-form|=8.9e-16 |kappa-form|=8.9e-16  [OK]
  form [-5, -4, -3, -2, -1, 0, 1, 2, 6, -1]: 10 vertices; chains feasible at all vertices: 1/1 (base); vertices covered by some chain: 10/10; |cost-form|=0.0e+00 |kappa-form|=0.0e+00  [OK]
  form [-4, -3, -2, -1, -1, 0, 0, 1, 5, 2]: 12 vertices; chains feasible at all vertices: 1/1 (base); vertices covered by some chain: 12/12; |cost-form|=4.4e-16 |kappa-form|=4.4e-16  [OK]
  form [-4, -3, -2, -1, 0, 0, 1, 1, 5, 1]: 13 vertices; chains feasible at all vertices: 1/1 (base); vertices covered by some chain: 13/13; |cost-form|=8.9e-16 |kappa-form|=1.8e-15  [OK]
  form [-4, -3, -2, -1, 0, 1, 1, 1, 5, 0]: 10 vertices; chains feasible at all vertices: 1/1 (base); vertices covered by some chain: 10/10; |cost-form|=8.9e-16 |kappa-form|=0.0e+00  [OK]
  form [-4, -3, -2, -1, 0, 1, 2, 1, 5, -1]: 10 vertices; chains feasible at all vertices: 1/1 (base); vertices covered by some chain: 10/10; |cost-form|=8.9e-16 |kappa-form|=8.9e-16  [OK]
  form [-3, -2, -2, -1, -1, 0, 0, 1, 4, 3]: 13 vertices; chains feasible at all vertices: 1/1 (base); vertices covered by some chain: 13/13; |cost-form|=0.0e+00 |kappa-form|=4.4e-16  [OK]
  form [-3, -2, -2, -1, -1, 0, 1, 0, 3, 4]: 10 vertices; chains feasible at all vertices: 1/1 (base); vertices covered by some chain: 10/10; |cost-form|=4.4e-16 |kappa-form|=0.0e+00  [OK]
  form [-3, -2, -2, -1, 0, -1, 0, 1, 3, 4]: 10 vertices; chains feasible at all vertices: 1/1 (base); vertices covered by some chain: 10/10; |cost-form|=8.9e-16 |kappa-form|=8.9e-16  [OK]
  form [-3, -2, -1, -2, -1, 0, 0, 1, 3, 4]: 10 vertices; chains feasible at all vertices: 1/1 (base); vertices covered by some chain: 10/10; |cost-form|=0.0e+00 |kappa-form|=0.0e+00  [OK]
  form [-3, -2, -1, -1, 0, 0, 1, 1, 4, 2]: 14 vertices; chains feasible at all vertices: 1/1 (base); vertices covered by some chain: 14/14; |cost-form|=0.0e+00 |kappa-form|=8.9e-16  [OK]
  form [-3, -2, -1, 0, 0, 1, 1, 1, 4, 1]: 13 vertices; chains feasible at all vertices: 1/1 (base); vertices covered by some chain: 13/13; |cost-form|=0.0e+00 |kappa-form|=4.4e-16  [OK]
  form [-3, -2, -1, 0, 1, 1, 1, 2, 4, 0]: 12 vertices; chains feasible at all vertices: 1/1 (base); vertices covered by some chain: 12/12; |cost-form|=0.0e+00 |kappa-form|=1.8e-15  [OK]
  form [-3, -2, -1, 0, 1, 2, 1, 2, 4, -1]: 10 vertices; chains feasible at all vertices: 1/1 (base); vertices covered by some chain: 10/10; |cost-form|=4.4e-16 |kappa-form|=1.3e-15  [OK]
  form [-2, -3, -2, -1, -1, 0, 0, 1, 3, 4]: 10 vertices; chains feasible at all vertices: 1/1 (base); vertices covered by some chain: 10/10; |cost-form|=0.0e+00 |kappa-form|=2.0e-15  [OK]
  form [-2, -2, -1, -1, 0, 0, 1, 1, 3, 3]: 19 vertices; chains feasible at all vertices: 1/1 (base); vertices covered by some chain: 19/19; |cost-form|=0.0e+00 |kappa-form|=2.2e-15  [OK]
  form [-2, -1, -1, 0, 0, 1, 1, 1, 3, 2]: 14 vertices; chains feasible at all vertices: 1/1 (base); vertices covered by some chain: 14/14; |cost-form|=0.0e+00 |kappa-form|=0.0e+00  [OK]
  form [-2, -1, -1, 0, 0, 1, 1, 2, 2, 3]: 10 vertices; chains feasible at all vertices: 1/1 (base); vertices covered by some chain: 10/10; |cost-form|=0.0e+00 |kappa-form|=6.7e-16  [OK]
  form [-2, -1, -1, 0, 1, 0, 1, 1, 2, 3]: 11 vertices; chains feasible at all vertices: 1/1 (base); vertices covered by some chain: 11/11; |cost-form|=4.4e-16 |kappa-form|=2.2e-16  [OK]
  form [-2, -1, 0, -1, 0, 1, 1, 1, 2, 3]: 11 vertices; chains feasible at all vertices: 1/1 (base); vertices covered by some chain: 11/11; |cost-form|=0.0e+00 |kappa-form|=4.4e-16  [OK]
  form [-2, -1, 0, 0, 1, 1, 1, 2, 3, 1]: 15 vertices; chains feasible at all vertices: 1/1 (base); vertices covered by some chain: 15/15; |cost-form|=0.0e+00 |kappa-form|=1.6e-15  [OK]
  form [-2, -1, 0, 1, 1, 1, 2, 2, 3, 0]: 14 vertices; chains feasible at all vertices: 1/1 (base); vertices covered by some chain: 14/14; |cost-form|=0.0e+00 |kappa-form|=0.0e+00  [OK]
  form [-2, -1, 0, 1, 1, 2, 2, 3, 3, -1]: 10 vertices; chains feasible at all vertices: 1/1 (base); vertices covered by some chain: 10/10; |cost-form|=0.0e+00 |kappa-form|=0.0e+00  [OK]
  form [-2, -1, 0, 1, 2, 1, 2, 2, 3, -1]: 10 vertices; chains feasible at all vertices: 1/1 (base); vertices covered by some chain: 10/10; |cost-form|=4.4e-16 |kappa-form|=0.0e+00  [OK]
  form [-1, -2, -1, 0, 0, 1, 1, 1, 2, 3]: 11 vertices; chains feasible at all vertices: 1/1 (base); vertices covered by some chain: 11/11; |cost-form|=0.0e+00 |kappa-form|=1.8e-15  [OK]
  form [-1, -1, 0, 0, 1, 1, 1, 2, 2, 2]: 19 vertices; chains feasible at all vertices: 1/1 (base); vertices covered by some chain: 19/19; |cost-form|=0.0e+00 |kappa-form|=0.0e+00  [OK]
  form [-1, 0, 0, 1, 1, 1, 2, 2, 2, 1]: 17 vertices; chains feasible at all vertices: 1/1 (base); vertices covered by some chain: 17/17; |cost-form|=6.7e-16 |kappa-form|=1.3e-15  [OK]
  form [-1, 0, 0, 1, 1, 2, 1, 2, 1, 2]: 10 vertices; chains feasible at all vertices: 1/1 (base); vertices covered by some chain: 10/10; |cost-form|=2.2e-16 |kappa-form|=6.7e-16  [OK]
  form [-1, 0, 1, 0, 1, 1, 2, 2, 1, 2]: 12 vertices; chains feasible at all vertices: 1/1 (base); vertices covered by some chain: 12/12; |cost-form|=4.4e-16 |kappa-form|=8.9e-16  [OK]
  form [-1, 0, 1, 1, 1, 2, 2, 2, 2, 0]: 14 vertices; chains feasible at all vertices: 1/1 (base); vertices covered by some chain: 14/14; |cost-form|=4.4e-16 |kappa-form|=4.4e-16  [OK]
  form [-1, 0, 1, 1, 2, 2, 3, 2, 2, -1]: 10 vertices; chains feasible at all vertices: 1/1 (base); vertices covered by some chain: 10/10; |cost-form|=4.4e-16 |kappa-form|=4.4e-16  [OK]
  form [-1, 0, 1, 2, 1, 2, 2, 3, 2, -1]: 10 vertices; chains feasible at all vertices: 1/1 (base); vertices covered by some chain: 10/10; |cost-form|=0.0e+00 |kappa-form|=2.2e-16  [OK]
  form [0, -1, 0, 1, 1, 1, 2, 2, 1, 2]: 13 vertices; chains feasible at all vertices: 1/1 (base); vertices covered by some chain: 13/13; |cost-form|=0.0e+00 |kappa-form|=0.0e+00  [OK]
  form [0, 0, 1, 1, 1, 2, 2, 2, 1, 1]: 18 vertices; chains feasible at all vertices: 1/1 (base); vertices covered by some chain: 18/18; |cost-form|=0.0e+00 |kappa-form|=6.7e-16  [OK]
  form [0, 1, 1, 1, 2, 2, 2, 3, 1, 0]: 17 vertices; chains feasible at all vertices: 1/1 (base); vertices covered by some chain: 17/17; |cost-form|=0.0e+00 |kappa-form|=4.4e-16  [OK]
  form [0, 1, 1, 1, 2, 2, 3, 2, 0, 1]: 12 vertices; chains feasible at all vertices: 1/1 (base); vertices covered by some chain: 12/12; |cost-form|=0.0e+00 |kappa-form|=2.2e-16  [OK]
  form [0, 1, 1, 2, 1, 2, 2, 3, 0, 1]: 12 vertices; chains feasible at all vertices: 1/1 (base); vertices covered by some chain: 12/12; |cost-form|=2.2e-16 |kappa-form|=6.7e-16  [OK]
  form [0, 1, 1, 2, 2, 3, 2, 3, 1, -1]: 10 vertices; chains feasible at all vertices: 1/1 (base); vertices covered by some chain: 10/10; |cost-form|=2.2e-16 |kappa-form|=1.3e-15  [OK]
  form [0, 1, 2, 1, 2, 2, 3, 3, 1, -1]: 10 vertices; chains feasible at all vertices: 1/1 (base); vertices covered by some chain: 10/10; |cost-form|=4.4e-16 |kappa-form|=1.3e-15  [OK]
  form [1, 0, 1, 1, 2, 2, 2, 3, 0, 1]: 13 vertices; chains feasible at all vertices: 1/1 (base); vertices covered by some chain: 13/13; |cost-form|=0.0e+00 |kappa-form|=4.4e-16  [OK]
  form [1, 1, 1, 2, 2, 2, 3, 3, 0, 0]: 22 vertices; chains feasible at all vertices: 1/1 (base); vertices covered by some chain: 22/22; |cost-form|=4.4e-16 |kappa-form|=0.0e+00  [OK]
  form [1, 1, 2, 2, 2, 3, 3, 4, 0, -1]: 12 vertices; chains feasible at all vertices: 1/1 (base); vertices covered by some chain: 12/12; |cost-form|=6.7e-16 |kappa-form|=1.1e-15  [OK]
  form [1, 1, 2, 2, 2, 3, 4, 3, -1, 0]: 16 vertices; chains feasible at all vertices: 1/1 (base); vertices covered by some chain: 16/16; |cost-form|=0.0e+00 |kappa-form|=2.2e-16  [OK]
  form [1, 1, 2, 2, 3, 2, 3, 3, 0, -1]: 12 vertices; chains feasible at all vertices: 1/1 (base); vertices covered by some chain: 12/12; |cost-form|=2.2e-16 |kappa-form|=4.4e-16  [OK]
  form [1, 1, 2, 2, 3, 2, 3, 4, -1, 0]: 12 vertices; chains feasible at all vertices: 1/1 (base); vertices covered by some chain: 12/12; |cost-form|=2.2e-16 |kappa-form|=8.9e-16  [OK]
  form [1, 1, 2, 3, 2, 2, 3, 3, -1, 0]: 16 vertices; chains feasible at all vertices: 1/1 (base); vertices covered by some chain: 16/16; |cost-form|=2.2e-16 |kappa-form|=2.2e-16  [OK]
  form [1, 2, 1, 2, 2, 3, 3, 3, 0, -1]: 12 vertices; chains feasible at all vertices: 1/1 (base); vertices covered by some chain: 12/12; |cost-form|=8.9e-16 |kappa-form|=6.7e-16  [OK]
  form [1, 2, 1, 2, 2, 3, 3, 4, -1, 0]: 12 vertices; chains feasible at all vertices: 1/1 (base); vertices covered by some chain: 12/12; |cost-form|=8.9e-16 |kappa-form|=1.1e-15  [OK]
  form [1, 2, 1, 2, 3, 2, 3, 3, -1, 0]: 12 vertices; chains feasible at all vertices: 1/1 (base); vertices covered by some chain: 12/12; |cost-form|=2.2e-16 |kappa-form|=1.8e-15  [OK]
  form [1, 2, 2, 2, 3, 3, 4, 4, -1, -1]: 16 vertices; chains feasible at all vertices: 1/1 (base); vertices covered by some chain: 16/16; |cost-form|=8.9e-16 |kappa-form|=8.9e-16  [OK]
  form [1, 2, 2, 3, 2, 3, 4, 3, -1, -1]: 12 vertices; chains feasible at all vertices: 1/1 (base); vertices covered by some chain: 12/12; |cost-form|=2.2e-16 |kappa-form|=3.6e-15  [OK]
  form [1, 2, 2, 3, 3, 2, 3, 4, -1, -1]: 16 vertices; chains feasible at all vertices: 1/1 (base); vertices covered by some chain: 16/16; |cost-form|=0.0e+00 |kappa-form|=4.4e-16  [OK]
  form [1, 2, 2, 3, 3, 4, 4, 5, -2, -1]: 10 vertices; chains feasible at all vertices: 1/1 (base); vertices covered by some chain: 10/10; |cost-form|=0.0e+00 |kappa-form|=4.4e-16  [OK]
  form [2, 1, 1, 2, 2, 3, 3, 3, -1, 0]: 16 vertices; chains feasible at all vertices: 1/1 (base); vertices covered by some chain: 16/16; |cost-form|=0.0e+00 |kappa-form|=0.0e+00  [OK]
  form [2, 1, 2, 2, 3, 3, 4, 3, -1, -1]: 12 vertices; chains feasible at all vertices: 1/1 (base); vertices covered by some chain: 12/12; |cost-form|=3.3e-16 |kappa-form|=5.6e-15  [OK]
  form [2, 1, 2, 3, 2, 3, 3, 4, -1, -1]: 12 vertices; chains feasible at all vertices: 1/1 (base); vertices covered by some chain: 12/12; |cost-form|=4.4e-16 |kappa-form|=8.9e-16  [OK]
  form [2, 2, 1, 2, 3, 3, 3, 4, -1, -1]: 16 vertices; chains feasible at all vertices: 1/1 (base); vertices covered by some chain: 16/16; |cost-form|=2.2e-16 |kappa-form|=0.0e+00  [OK]
  form [2, 3, 1, 2, 3, 3, 4, 4, -2, -1]: 10 vertices; chains feasible at all vertices: 1/1 (base); vertices covered by some chain: 10/10; |cost-form|=1.9e-15 |kappa-form|=2.9e-15  [OK]
  form [3, 1, 2, 2, 3, 3, 4, 4, -2, -1]: 10 vertices; chains feasible at all vertices: 1/1 (base); vertices covered by some chain: 10/10; |cost-form|=1.3e-15 |kappa-form|=1.3e-15  [OK]
RESULT m=8 z=0 d=11: 756 chamber vertices; every chamber covered by a single chain feasible at all its vertices: True  (1s)
m=9 z=0 d=12: 69 exposed forms
  form [-6, -5, -4, -3, -2, -1, 0, 0, 1, 7, 1]: 12 vertices; chains feasible at all vertices: 1/1 (base); vertices covered by some chain: 12/12; |cost-form|=4.4e-16 |kappa-form|=4.4e-16  [OK]
  form [-6, -5, -4, -3, -2, -1, 0, 1, 1, 7, 0]: 11 vertices; chains feasible at all vertices: 1/1 (base); vertices covered by some chain: 11/11; |cost-form|=0.0e+00 |kappa-form|=0.0e+00  [OK]
  form [-6, -5, -4, -3, -2, -1, 0, 1, 2, 7, -1]: 11 vertices; chains feasible at all vertices: 1/1 (base); vertices covered by some chain: 11/11; |cost-form|=0.0e+00 |kappa-form|=0.0e+00  [OK]
  form [-5, -4, -3, -2, -1, -1, 0, 0, 1, 6, 2]: 13 vertices; chains feasible at all vertices: 1/1 (base); vertices covered by some chain: 13/13; |cost-form|=8.9e-16 |kappa-form|=8.9e-16  [OK]
  form [-5, -4, -3, -2, -1, 0, 0, 1, 1, 6, 1]: 14 vertices; chains feasible at all vertices: 1/1 (base); vertices covered by some chain: 14/14; |cost-form|=4.4e-16 |kappa-form|=8.9e-16  [OK]
  form [-5, -4, -3, -2, -1, 0, 1, 1, 1, 6, 0]: 11 vertices; chains feasible at all vertices: 1/1 (base); vertices covered by some chain: 11/11; |cost-form|=0.0e+00 |kappa-form|=0.0e+00  [OK]
  form [-5, -4, -3, -2, -1, 0, 1, 2, 1, 6, -1]: 11 vertices; chains feasible at all vertices: 1/1 (base); vertices covered by some chain: 11/11; |cost-form|=4.4e-16 |kappa-form|=8.9e-16  [OK]
  form [-4, -3, -3, -2, -2, -1, -1, 0, 1, 4, 5]: 11 vertices; chains feasible at all vertices: 1/1 (base); vertices covered by some chain: 11/11; |cost-form|=0.0e+00 |kappa-form|=1.3e-15  [OK]
  form [-4, -3, -2, -2, -1, -1, 0, 0, 1, 5, 3]: 14 vertices; chains feasible at all vertices: 1/1 (base); vertices covered by some chain: 14/14; |cost-form|=8.9e-16 |kappa-form|=1.8e-15  [OK]
  form [-4, -3, -2, -1, -1, 0, 0, 1, 1, 5, 2]: 15 vertices; chains feasible at all vertices: 1/1 (base); vertices covered by some chain: 15/15; |cost-form|=0.0e+00 |kappa-form|=4.4e-16  [OK]
  form [-4, -3, -2, -1, 0, 0, 1, 1, 1, 5, 1]: 14 vertices; chains feasible at all vertices: 1/1 (base); vertices covered by some chain: 14/14; |cost-form|=4.4e-16 |kappa-form|=0.0e+00  [OK]
  form [-4, -3, -2, -1, 0, 1, 1, 1, 2, 5, 0]: 13 vertices; chains feasible at all vertices: 1/1 (base); vertices covered by some chain: 13/13; |cost-form|=8.9e-16 |kappa-form|=8.9e-16  [OK]
  form [-4, -3, -2, -1, 0, 1, 2, 1, 2, 5, -1]: 11 vertices; chains feasible at all vertices: 1/1 (base); vertices covered by some chain: 11/11; |cost-form|=8.9e-16 |kappa-form|=8.9e-16  [OK]
  form [-3, -3, -2, -2, -1, -1, 0, 0, 1, 4, 4]: 20 vertices; chains feasible at all vertices: 1/1 (base); vertices covered by some chain: 20/20; |cost-form|=0.0e+00 |kappa-form|=2.2e-15  [OK]
  form [-3, -2, -2, -1, -1, 0, 0, 1, 1, 4, 3]: 16 vertices; chains feasible at all vertices: 1/1 (base); vertices covered by some chain: 16/16; |cost-form|=0.0e+00 |kappa-form|=0.0e+00  [OK]
  form [-3, -2, -2, -1, -1, 0, 1, 0, 1, 3, 4]: 12 vertices; chains feasible at all vertices: 1/1 (base); vertices covered by some chain: 12/12; |cost-form|=0.0e+00 |kappa-form|=8.9e-16  [OK]
  form [-3, -2, -2, -1, 0, -1, 0, 1, 1, 3, 4]: 12 vertices; chains feasible at all vertices: 1/1 (base); vertices covered by some chain: 12/12; |cost-form|=0.0e+00 |kappa-form|=1.8e-15  [OK]
  form [-3, -2, -1, -2, -1, 0, 0, 1, 1, 3, 4]: 12 vertices; chains feasible at all vertices: 1/1 (base); vertices covered by some chain: 12/12; |cost-form|=4.4e-16 |kappa-form|=4.4e-16  [OK]
  form [-3, -2, -1, -1, 0, 0, 1, 1, 1, 4, 2]: 15 vertices; chains feasible at all vertices: 1/1 (base); vertices covered by some chain: 15/15; |cost-form|=0.0e+00 |kappa-form|=4.4e-16  [OK]
  form [-3, -2, -1, 0, 0, 1, 1, 1, 2, 4, 1]: 16 vertices; chains feasible at all vertices: 1/1 (base); vertices covered by some chain: 16/16; |cost-form|=0.0e+00 |kappa-form|=4.4e-16  [OK]
  form [-3, -2, -1, 0, 1, 1, 1, 2, 2, 4, 0]: 15 vertices; chains feasible at all vertices: 1/1 (base); vertices covered by some chain: 15/15; |cost-form|=4.4e-16 |kappa-form|=4.4e-16  [OK]
  form [-3, -2, -1, 0, 1, 1, 2, 2, 3, 4, -1]: 11 vertices; chains feasible at all vertices: 1/1 (base); vertices covered by some chain: 11/11; |cost-form|=8.9e-16 |kappa-form|=8.9e-16  [OK]
  form [-3, -2, -1, 0, 1, 2, 1, 2, 2, 4, -1]: 11 vertices; chains feasible at all vertices: 1/1 (base); vertices covered by some chain: 11/11; |cost-form|=8.9e-16 |kappa-form|=1.3e-15  [OK]
  form [-2, -3, -2, -1, -1, 0, 0, 1, 1, 3, 4]: 12 vertices; chains feasible at all vertices: 1/1 (base); vertices covered by some chain: 12/12; |cost-form|=0.0e+00 |kappa-form|=0.0e+00  [OK]
  form [-2, -2, -1, -1, 0, 0, 1, 1, 1, 3, 3]: 20 vertices; chains feasible at all vertices: 1/1 (base); vertices covered by some chain: 20/20; |cost-form|=0.0e+00 |kappa-form|=0.0e+00  [OK]
  form [-2, -1, -1, 0, 0, 1, 1, 1, 2, 3, 2]: 17 vertices; chains feasible at all vertices: 1/1 (base); vertices covered by some chain: 17/17; |cost-form|=4.4e-16 |kappa-form|=8.9e-16  [OK]
  form [-2, -1, -1, 0, 0, 1, 1, 2, 1, 2, 3]: 11 vertices; chains feasible at all vertices: 1/1 (base); vertices covered by some chain: 11/11; |cost-form|=0.0e+00 |kappa-form|=1.3e-15  [OK]
  form [-2, -1, -1, 0, 1, 0, 1, 1, 2, 2, 3]: 12 vertices; chains feasible at all vertices: 1/1 (base); vertices covered by some chain: 12/12; |cost-form|=0.0e+00 |kappa-form|=8.9e-16  [OK]
  form [-2, -1, 0, -1, 0, 1, 1, 1, 2, 2, 3]: 13 vertices; chains feasible at all vertices: 1/1 (base); vertices covered by some chain: 13/13; |cost-form|=4.4e-16 |kappa-form|=0.0e+00  [OK]
  form [-2, -1, 0, 0, 1, 1, 1, 2, 2, 3, 1]: 18 vertices; chains feasible at all vertices: 1/1 (base); vertices covered by some chain: 18/18; |cost-form|=4.4e-16 |kappa-form|=8.9e-16  [OK]
  form [-2, -1, 0, 1, 1, 1, 2, 2, 2, 3, 0]: 15 vertices; chains feasible at all vertices: 1/1 (base); vertices covered by some chain: 15/15; |cost-form|=2.2e-16 |kappa-form|=2.2e-16  [OK]
  form [-2, -1, 0, 1, 1, 2, 2, 3, 2, 3, -1]: 11 vertices; chains feasible at all vertices: 1/1 (base); vertices covered by some chain: 11/11; |cost-form|=0.0e+00 |kappa-form|=4.4e-16  [OK]
  form [-2, -1, 0, 1, 2, 1, 2, 2, 3, 3, -1]: 11 vertices; chains feasible at all vertices: 1/1 (base); vertices covered by some chain: 11/11; |cost-form|=0.0e+00 |kappa-form|=8.9e-16  [OK]
  form [-1, -2, -1, 0, 0, 1, 1, 1, 2, 2, 3]: 13 vertices; chains feasible at all vertices: 1/1 (base); vertices covered by some chain: 13/13; |cost-form|=4.4e-16 |kappa-form|=4.4e-16  [OK]
  form [-1, -1, 0, 0, 1, 1, 1, 2, 2, 2, 2]: 24 vertices; chains feasible at all vertices: 1/1 (base); vertices covered by some chain: 24/24; |cost-form|=4.4e-16 |kappa-form|=0.0e+00  [OK]
  form [-1, 0, 0, 1, 1, 1, 2, 2, 2, 2, 1]: 18 vertices; chains feasible at all vertices: 1/1 (base); vertices covered by some chain: 18/18; |cost-form|=0.0e+00 |kappa-form|=6.7e-16  [OK]
  form [-1, 0, 0, 1, 1, 1, 2, 2, 3, 1, 2]: 11 vertices; chains feasible at all vertices: 1/1 (base); vertices covered by some chain: 11/11; |cost-form|=0.0e+00 |kappa-form|=0.0e+00  [OK]
  form [-1, 0, 0, 1, 1, 2, 1, 2, 2, 1, 2]: 11 vertices; chains feasible at all vertices: 1/1 (base); vertices covered by some chain: 11/11; |cost-form|=2.2e-16 |kappa-form|=2.2e-16  [OK]
  form [-1, 0, 1, 0, 1, 1, 2, 2, 2, 1, 2]: 13 vertices; chains feasible at all vertices: 1/1 (base); vertices covered by some chain: 13/13; |cost-form|=0.0e+00 |kappa-form|=4.4e-16  [OK]
  form [-1, 0, 1, 1, 1, 2, 2, 2, 3, 2, 0]: 18 vertices; chains feasible at all vertices: 1/1 (base); vertices covered by some chain: 18/18; |cost-form|=4.4e-16 |kappa-form|=4.4e-16  [OK]
  form [-1, 0, 1, 1, 2, 2, 3, 2, 3, 2, -1]: 11 vertices; chains feasible at all vertices: 1/1 (base); vertices covered by some chain: 11/11; |cost-form|=0.0e+00 |kappa-form|=8.9e-16  [OK]
  form [-1, 0, 1, 2, 1, 2, 2, 3, 3, 2, -1]: 11 vertices; chains feasible at all vertices: 1/1 (base); vertices covered by some chain: 11/11; |cost-form|=0.0e+00 |kappa-form|=1.3e-15  [OK]
  form [0, -1, 0, 1, 1, 1, 2, 2, 2, 1, 2]: 14 vertices; chains feasible at all vertices: 1/1 (base); vertices covered by some chain: 14/14; |cost-form|=0.0e+00 |kappa-form|=2.2e-16  [OK]
  form [0, 0, 1, 1, 1, 2, 2, 2, 3, 1, 1]: 23 vertices; chains feasible at all vertices: 1/1 (base); vertices covered by some chain: 23/23; |cost-form|=2.2e-16 |kappa-form|=4.4e-16  [OK]
  form [0, 1, 1, 1, 2, 2, 2, 3, 3, 1, 0]: 21 vertices; chains feasible at all vertices: 1/1 (base); vertices covered by some chain: 21/21; |cost-form|=2.2e-16 |kappa-form|=6.7e-16  [OK]
  form [0, 1, 1, 1, 2, 2, 3, 2, 3, 0, 1]: 13 vertices; chains feasible at all vertices: 1/1 (base); vertices covered by some chain: 13/13; |cost-form|=8.9e-16 |kappa-form|=2.0e-15  [OK]
  form [0, 1, 1, 2, 1, 2, 2, 3, 3, 0, 1]: 13 vertices; chains feasible at all vertices: 1/1 (base); vertices covered by some chain: 13/13; |cost-form|=4.4e-16 |kappa-form|=2.2e-16  [OK]
  form [0, 1, 1, 2, 2, 2, 3, 3, 4, 1, -1]: 11 vertices; chains feasible at all vertices: 1/1 (base); vertices covered by some chain: 11/11; |cost-form|=0.0e+00 |kappa-form|=8.9e-16  [OK]
  form [0, 1, 1, 2, 2, 3, 2, 3, 3, 1, -1]: 11 vertices; chains feasible at all vertices: 1/1 (base); vertices covered by some chain: 11/11; |cost-form|=4.4e-16 |kappa-form|=1.1e-15  [OK]
  form [0, 1, 2, 1, 2, 2, 3, 3, 3, 1, -1]: 11 vertices; chains feasible at all vertices: 1/1 (base); vertices covered by some chain: 11/11; |cost-form|=0.0e+00 |kappa-form|=4.4e-16  [OK]
  form [1, 0, 1, 1, 2, 2, 2, 3, 3, 0, 1]: 15 vertices; chains feasible at all vertices: 1/1 (base); vertices covered by some chain: 15/15; |cost-form|=2.2e-16 |kappa-form|=6.7e-16  [OK]
  form [1, 1, 1, 2, 2, 2, 3, 3, 3, 0, 0]: 23 vertices; chains feasible at all vertices: 1/1 (base); vertices covered by some chain: 23/23; |cost-form|=0.0e+00 |kappa-form|=0.0e+00  [OK]
  form [1, 1, 2, 2, 2, 3, 3, 4, 3, 0, -1]: 13 vertices; chains feasible at all vertices: 1/1 (base); vertices covered by some chain: 13/13; |cost-form|=1.3e-15 |kappa-form|=8.9e-16  [OK]
  form [1, 1, 2, 2, 2, 3, 4, 3, 3, -1, 0]: 17 vertices; chains feasible at all vertices: 1/1 (base); vertices covered by some chain: 17/17; |cost-form|=0.0e+00 |kappa-form|=2.2e-16  [OK]
  form [1, 1, 2, 2, 3, 2, 3, 3, 4, 0, -1]: 13 vertices; chains feasible at all vertices: 1/1 (base); vertices covered by some chain: 13/13; |cost-form|=2.2e-16 |kappa-form|=0.0e+00  [OK]
  form [1, 1, 2, 2, 3, 2, 3, 4, 3, -1, 0]: 13 vertices; chains feasible at all vertices: 1/1 (base); vertices covered by some chain: 13/13; |cost-form|=4.4e-16 |kappa-form|=1.1e-15  [OK]
  form [1, 1, 2, 3, 2, 2, 3, 3, 4, -1, 0]: 17 vertices; chains feasible at all vertices: 1/1 (base); vertices covered by some chain: 17/17; |cost-form|=2.2e-16 |kappa-form|=8.9e-16  [OK]
  form [1, 2, 1, 2, 2, 3, 3, 3, 4, 0, -1]: 13 vertices; chains feasible at all vertices: 1/1 (base); vertices covered by some chain: 13/13; |cost-form|=4.4e-16 |kappa-form|=2.2e-16  [OK]
  form [1, 2, 1, 2, 2, 3, 3, 4, 3, -1, 0]: 13 vertices; chains feasible at all vertices: 1/1 (base); vertices covered by some chain: 13/13; |cost-form|=0.0e+00 |kappa-form|=4.0e-15  [OK]
  form [1, 2, 1, 2, 3, 2, 3, 3, 4, -1, 0]: 13 vertices; chains feasible at all vertices: 1/1 (base); vertices covered by some chain: 13/13; |cost-form|=4.4e-16 |kappa-form|=1.6e-15  [OK]
  form [1, 2, 2, 2, 3, 3, 4, 4, 3, -1, -1]: 17 vertices; chains feasible at all vertices: 1/1 (base); vertices covered by some chain: 17/17; |cost-form|=0.0e+00 |kappa-form|=0.0e+00  [OK]
  form [1, 2, 2, 3, 2, 3, 4, 3, 4, -1, -1]: 13 vertices; chains feasible at all vertices: 1/1 (base); vertices covered by some chain: 13/13; |cost-form|=2.2e-16 |kappa-form|=2.9e-15  [OK]
  form [1, 2, 2, 3, 3, 2, 3, 4, 4, -1, -1]: 17 vertices; chains feasible at all vertices: 1/1 (base); vertices covered by some chain: 17/17; |cost-form|=2.2e-16 |kappa-form|=0.0e+00  [OK]
  form [2, 1, 1, 2, 2, 3, 3, 3, 4, -1, 0]: 18 vertices; chains feasible at all vertices: 1/1 (base); vertices covered by some chain: 18/18; |cost-form|=0.0e+00 |kappa-form|=0.0e+00  [OK]
  form [2, 1, 2, 2, 3, 3, 4, 3, 4, -1, -1]: 13 vertices; chains feasible at all vertices: 1/1 (base); vertices covered by some chain: 13/13; |cost-form|=2.2e-16 |kappa-form|=1.1e-14  [OK]
  form [2, 1, 2, 3, 2, 3, 3, 4, 4, -1, -1]: 13 vertices; chains feasible at all vertices: 1/1 (base); vertices covered by some chain: 13/13; |cost-form|=0.0e+00 |kappa-form|=8.1e-15  [OK]
  form [2, 2, 1, 2, 3, 3, 3, 4, 4, -1, -1]: 18 vertices; chains feasible at all vertices: 1/1 (base); vertices covered by some chain: 18/18; |cost-form|=3.3e-16 |kappa-form|=3.6e-15  [OK]
  form [2, 3, 1, 2, 3, 3, 4, 4, 4, -2, -1]: 11 vertices; chains feasible at all vertices: 1/1 (base); vertices covered by some chain: 11/11; |cost-form|=6.7e-16 |kappa-form|=1.8e-15  [OK]
  form [3, 1, 2, 2, 3, 3, 4, 4, 4, -2, -1]: 11 vertices; chains feasible at all vertices: 1/1 (base); vertices covered by some chain: 11/11; |cost-form|=2.2e-16 |kappa-form|=2.2e-16  [OK]
RESULT m=9 z=0 d=12: 969 chamber vertices; every chamber covered by a single chain feasible at all its vertices: True  (2s)
m=3 z=1 d=7: 10 exposed forms
  form [-1, 0, 1, 1, 2]: 5 vertices; chains feasible at all vertices: 5/5 (base); vertices covered by some chain: 5/5; |cost-form|=1.1e-16 |kappa-form|=1.1e-16  [OK]
  form [0, 0, 1, 1, 1]: 5 vertices; chains feasible at all vertices: 3/3 (base); vertices covered by some chain: 5/5; |cost-form|=0.0e+00 |kappa-form|=0.0e+00  [OK]
  form [0, 1, 1, 1, 0]: 5 vertices; chains feasible at all vertices: 3/3 (base); vertices covered by some chain: 5/5; |cost-form|=0.0e+00 |kappa-form|=0.0e+00  [OK]
  form [0, 1, 2, 1, -1]: 5 vertices; chains feasible at all vertices: 5/5 (base); vertices covered by some chain: 5/5; |cost-form|=2.2e-16 |kappa-form|=0.0e+00  [OK]
  form [1, 0, 1, 0, 1]: 5 vertices; chains feasible at all vertices: 3/3 (base); vertices covered by some chain: 5/5; |cost-form|=2.2e-16 |kappa-form|=2.2e-16  [OK]
  form [1, 2, 1, 0, -1]: 5 vertices; chains feasible at all vertices: 3/3 (base); vertices covered by some chain: 5/5; |cost-form|=2.2e-16 |kappa-form|=2.2e-16  [OK]
  form [2, 1, 1, -1, 0]: 5 vertices; chains feasible at all vertices: 3/3 (base); vertices covered by some chain: 5/5; |cost-form|=2.2e-16 |kappa-form|=2.2e-16  [OK]
  form [2, 2, 1, -1, -1]: 5 vertices; chains feasible at all vertices: 3/3 (base); vertices covered by some chain: 5/5; |cost-form|=2.2e-16 |kappa-form|=0.0e+00  [OK]
  form [2, 3, 1, -2, -1]: 5 vertices; chains feasible at all vertices: 5/5 (base); vertices covered by some chain: 5/5; |cost-form|=2.2e-16 |kappa-form|=2.2e-16  [OK]
  form [3, 1, 2, -2, -1]: 5 vertices; chains feasible at all vertices: 5/5 (base); vertices covered by some chain: 5/5; |cost-form|=1.1e-16 |kappa-form|=2.2e-16  [OK]
RESULT m=3 z=1 d=7: 50 chamber vertices; every chamber covered by a single chain feasible at all its vertices: True  (1s)
m=4 z=1 d=8: 18 exposed forms
  form [-1, 0, 0, 1, 2, 1]: 7 vertices; chains feasible at all vertices: 4/4 (base); vertices covered by some chain: 7/7; |cost-form|=2.2e-16 |kappa-form|=0.0e+00  [OK]
  form [-1, 0, 1, 0, 1, 2]: 6 vertices; chains feasible at all vertices: 4/4 (base); vertices covered by some chain: 6/6; |cost-form|=2.2e-16 |kappa-form|=2.2e-16  [OK]
  form [-1, 0, 1, 1, 2, 0]: 6 vertices; chains feasible at all vertices: 4/4 (base); vertices covered by some chain: 6/6; |cost-form|=2.2e-16 |kappa-form|=2.2e-16  [OK]
  form [-1, 0, 1, 2, 2, -1]: 6 vertices; chains feasible at all vertices: 6/6 (base); vertices covered by some chain: 6/6; |cost-form|=0.0e+00 |kappa-form|=0.0e+00  [OK]
  form [0, -1, 0, 1, 1, 2]: 6 vertices; chains feasible at all vertices: 4/4 (base); vertices covered by some chain: 6/6; |cost-form|=0.0e+00 |kappa-form|=0.0e+00  [OK]
  form [0, 0, 1, 1, 1, 1]: 8 vertices; chains feasible at all vertices: 3/3 (base); vertices covered by some chain: 8/8; |cost-form|=0.0e+00 |kappa-form|=8.9e-16  [OK]
  form [0, 1, 1, 1, 1, 0]: 6 vertices; chains feasible at all vertices: 2/2 (base); vertices covered by some chain: 6/6; |cost-form|=2.2e-16 |kappa-form|=2.2e-16  [OK]
  form [0, 1, 1, 2, 0, 1]: 7 vertices; chains feasible at all vertices: 4/4 (base); vertices covered by some chain: 7/7; |cost-form|=0.0e+00 |kappa-form|=0.0e+00  [OK]
  form [0, 1, 2, 1, 1, -1]: 6 vertices; chains feasible at all vertices: 4/4 (base); vertices covered by some chain: 6/6; |cost-form|=2.2e-16 |kappa-form|=2.2e-16  [OK]
  form [1, 0, 1, 1, 0, 1]: 6 vertices; chains feasible at all vertices: 2/2 (base); vertices covered by some chain: 6/6; |cost-form|=0.0e+00 |kappa-form|=0.0e+00  [OK]
  form [1, 1, 1, 2, 0, 0]: 6 vertices; chains feasible at all vertices: 2/2 (base); vertices covered by some chain: 6/6; |cost-form|=0.0e+00 |kappa-form|=0.0e+00  [OK]
  form [1, 1, 2, 3, -1, 0]: 7 vertices; chains feasible at all vertices: 1/4 (zeros needed: {b2,b3} {b1,a1,a2} {a3,0} {a4}); vertices covered by some chain: 7/7; |cost-form|=0.0e+00 |kappa-form|=0.0e+00  [OK]
  form [1, 2, 1, 2, 0, -1]: 7 vertices; chains feasible at all vertices: 3/3 (base); vertices covered by some chain: 7/7; |cost-form|=0.0e+00 |kappa-form|=0.0e+00  [OK]
  form [2, 1, 1, 2, -1, 0]: 8 vertices; chains feasible at all vertices: 3/3 (base); vertices covered by some chain: 8/8; |cost-form|=0.0e+00 |kappa-form|=0.0e+00  [OK]
  form [2, 1, 2, 3, -1, -1]: 7 vertices; chains feasible at all vertices: 4/4 (base); vertices covered by some chain: 7/7; |cost-form|=0.0e+00 |kappa-form|=0.0e+00  [OK]
  form [2, 2, 1, 2, -1, -1]: 6 vertices; chains feasible at all vertices: 2/2 (base); vertices covered by some chain: 6/6; |cost-form|=0.0e+00 |kappa-form|=1.8e-15  [OK]
  form [2, 3, 1, 2, -2, -1]: 6 vertices; chains feasible at all vertices: 4/4 (base); vertices covered by some chain: 6/6; |cost-form|=0.0e+00 |kappa-form|=0.0e+00  [OK]
  form [3, 1, 2, 2, -2, -1]: 6 vertices; chains feasible at all vertices: 4/4 (base); vertices covered by some chain: 6/6; |cost-form|=1.1e-16 |kappa-form|=6.7e-16  [OK]
RESULT m=4 z=1 d=8: 117 chamber vertices; every chamber covered by a single chain feasible at all its vertices: True  (21s)
m=5 z=1 d=9: 26 exposed forms
  form [-2, -1, -1, 0, 1, 2, 3]: 7 vertices; chains feasible at all vertices: 6/6 (base); vertices covered by some chain: 7/7; |cost-form|=0.0e+00 |kappa-form|=2.2e-16  [OK]
  form [-2, -1, 0, 0, 1, 3, 1]: 8 vertices; chains feasible at all vertices: 5/5 (base); vertices covered by some chain: 8/8; |cost-form|=0.0e+00 |kappa-form|=0.0e+00  [OK]
  form [-2, -1, 0, 1, 1, 3, 0]: 7 vertices; chains feasible at all vertices: 5/5 (base); vertices covered by some chain: 7/7; |cost-form|=0.0e+00 |kappa-form|=0.0e+00  [OK]
  form [-2, -1, 0, 1, 2, 3, -1]: 7 vertices; chains feasible at all vertices: 7/7 (base); vertices covered by some chain: 7/7; |cost-form|=4.4e-16 |kappa-form|=4.4e-16  [OK]
  form [-1, -1, 0, 0, 1, 2, 2]: 9 vertices; chains feasible at all vertices: 4/4 (base); vertices covered by some chain: 9/9; |cost-form|=0.0e+00 |kappa-form|=0.0e+00  [OK]
  form [-1, 0, 0, 1, 1, 2, 1]: 10 vertices; chains feasible at all vertices: 4/4 (base); vertices covered by some chain: 10/10; |cost-form|=0.0e+00 |kappa-form|=0.0e+00  [OK]
  form [-1, 0, 1, 0, 1, 1, 2]: 8 vertices; chains feasible at all vertices: 4/4 (base); vertices covered by some chain: 8/8; |cost-form|=2.2e-16 |kappa-form|=2.2e-16  [OK]
  form [-1, 0, 1, 1, 1, 2, 0]: 7 vertices; chains feasible at all vertices: 3/3 (base); vertices covered by some chain: 7/7; |cost-form|=2.2e-16 |kappa-form|=0.0e+00  [OK]
  form [-1, 0, 1, 2, 1, 2, -1]: 7 vertices; chains feasible at all vertices: 5/5 (base); vertices covered by some chain: 7/7; |cost-form|=0.0e+00 |kappa-form|=0.0e+00  [OK]
  form [0, -1, 0, 1, 1, 1, 2]: 8 vertices; chains feasible at all vertices: 4/4 (base); vertices covered by some chain: 8/8; |cost-form|=2.2e-16 |kappa-form|=0.0e+00  [OK]
  form [0, 0, 1, 1, 1, 1, 1]: 9 vertices; chains feasible at all vertices: 2/2 (base); vertices covered by some chain: 9/9; |cost-form|=0.0e+00 |kappa-form|=0.0e+00  [OK]
  form [0, 1, 1, 1, 2, 1, 0]: 9 vertices; chains feasible at all vertices: 3/3 (base); vertices covered by some chain: 9/9; |cost-form|=0.0e+00 |kappa-form|=4.4e-16  [OK]
  form [0, 1, 1, 2, 1, 0, 1]: 8 vertices; chains feasible at all vertices: 3/3 (base); vertices covered by some chain: 8/8; |cost-form|=0.0e+00 |kappa-form|=0.0e+00  [OK]
  form [0, 1, 2, 1, 2, 1, -1]: 7 vertices; chains feasible at all vertices: 4/4 (base); vertices covered by some chain: 7/7; |cost-form|=0.0e+00 |kappa-form|=2.2e-16  [OK]
  form [1, 0, 1, 1, 2, 0, 1]: 8 vertices; chains feasible at all vertices: 3/3 (base); vertices covered by some chain: 8/8; |cost-form|=0.0e+00 |kappa-form|=0.0e+00  [OK]
  form [1, 1, 1, 2, 2, 0, 0]: 9 vertices; chains feasible at all vertices: 2/2 (base); vertices covered by some chain: 9/9; |cost-form|=0.0e+00 |kappa-form|=0.0e+00  [OK]
  form [1, 1, 2, 2, 3, 0, -1]: 8 vertices; chains feasible at all vertices: 4/4 (base); vertices covered by some chain: 8/8; |cost-form|=2.2e-16 |kappa-form|=2.2e-16  [OK]
  form [1, 1, 2, 3, 2, -1, 0]: 10 vertices; chains feasible at all vertices: 4/4 (base); vertices covered by some chain: 10/10; |cost-form|=2.2e-16 |kappa-form|=0.0e+00  [OK]
  form [1, 2, 1, 2, 2, 0, -1]: 8 vertices; chains feasible at all vertices: 2/2 (base); vertices covered by some chain: 8/8; |cost-form|=0.0e+00 |kappa-form|=2.2e-16  [OK]
  form [1, 2, 1, 2, 3, -1, 0]: 8 vertices; chains feasible at all vertices: 4/4 (base); vertices covered by some chain: 8/8; |cost-form|=0.0e+00 |kappa-form|=0.0e+00  [OK]
  form [1, 2, 2, 3, 3, -1, -1]: 10 vertices; chains feasible at all vertices: 1/4 (zeros needed: {b3} {b1,b2,a1} {a2,a3,0} {a4,a5}); vertices covered by some chain: 10/10; |cost-form|=0.0e+00 |kappa-form|=2.2e-16  [OK]
  form [2, 1, 1, 2, 2, -1, 0]: 9 vertices; chains feasible at all vertices: 2/2 (base); vertices covered by some chain: 9/9; |cost-form|=0.0e+00 |kappa-form|=2.2e-16  [OK]
  form [2, 1, 2, 3, 2, -1, -1]: 8 vertices; chains feasible at all vertices: 3/3 (base); vertices covered by some chain: 8/8; |cost-form|=4.4e-16 |kappa-form|=4.4e-16  [OK]
  form [2, 2, 1, 2, 3, -1, -1]: 9 vertices; chains feasible at all vertices: 3/3 (base); vertices covered by some chain: 9/9; |cost-form|=2.2e-16 |kappa-form|=2.2e-16  [OK]
  form [2, 3, 1, 2, 3, -2, -1]: 7 vertices; chains feasible at all vertices: 4/4 (base); vertices covered by some chain: 7/7; |cost-form|=4.4e-16 |kappa-form|=1.1e-16  [OK]
  form [3, 1, 2, 2, 3, -2, -1]: 7 vertices; chains feasible at all vertices: 4/4 (base); vertices covered by some chain: 7/7; |cost-form|=4.4e-16 |kappa-form|=2.2e-16  [OK]
RESULT m=5 z=1 d=9: 212 chamber vertices; every chamber covered by a single chain feasible at all its vertices: True  (1s)
m=6 z=1 d=10: 34 exposed forms
  form [-3, -2, -1, 0, 0, 1, 4, 1]: 9 vertices; chains feasible at all vertices: 6/6 (base); vertices covered by some chain: 9/9; |cost-form|=4.4e-16 |kappa-form|=0.0e+00  [OK]
  form [-3, -2, -1, 0, 1, 1, 4, 0]: 8 vertices; chains feasible at all vertices: 6/6 (base); vertices covered by some chain: 8/8; |cost-form|=4.4e-16 |kappa-form|=8.9e-16  [OK]
  form [-3, -2, -1, 0, 1, 2, 4, -1]: 8 vertices; chains feasible at all vertices: 8/8 (base); vertices covered by some chain: 8/8; |cost-form|=4.4e-16 |kappa-form|=0.0e+00  [OK]
  form [-2, -1, -1, 0, 0, 1, 3, 2]: 10 vertices; chains feasible at all vertices: 5/5 (base); vertices covered by some chain: 10/10; |cost-form|=4.4e-16 |kappa-form|=2.2e-16  [OK]
  form [-2, -1, -1, 0, 1, 0, 2, 3]: 8 vertices; chains feasible at all vertices: 5/5 (base); vertices covered by some chain: 8/8; |cost-form|=0.0e+00 |kappa-form|=2.2e-16  [OK]
  form [-2, -1, 0, -1, 0, 1, 2, 3]: 8 vertices; chains feasible at all vertices: 5/5 (base); vertices covered by some chain: 8/8; |cost-form|=4.4e-16 |kappa-form|=0.0e+00  [OK]
  form [-2, -1, 0, 0, 1, 1, 3, 1]: 11 vertices; chains feasible at all vertices: 5/5 (base); vertices covered by some chain: 11/11; |cost-form|=2.2e-16 |kappa-form|=1.3e-15  [OK]
  form [-2, -1, 0, 1, 1, 1, 3, 0]: 8 vertices; chains feasible at all vertices: 4/4 (base); vertices covered by some chain: 8/8; |cost-form|=0.0e+00 |kappa-form|=2.2e-16  [OK]
  form [-2, -1, 0, 1, 2, 1, 3, -1]: 8 vertices; chains feasible at all vertices: 6/6 (base); vertices covered by some chain: 8/8; |cost-form|=2.2e-16 |kappa-form|=6.7e-16  [OK]
  form [-1, -2, -1, 0, 0, 1, 2, 3]: 8 vertices; chains feasible at all vertices: 5/5 (base); vertices covered by some chain: 8/8; |cost-form|=4.4e-16 |kappa-form|=2.2e-15  [OK]
  form [-1, -1, 0, 0, 1, 1, 2, 2]: 13 vertices; chains feasible at all vertices: 4/4 (base); vertices covered by some chain: 13/13; |cost-form|=2.2e-16 |kappa-form|=0.0e+00  [OK]
  form [-1, 0, 0, 1, 1, 1, 2, 1]: 11 vertices; chains feasible at all vertices: 3/3 (base); vertices covered by some chain: 11/11; |cost-form|=0.0e+00 |kappa-form|=1.3e-15  [OK]
  form [-1, 0, 0, 1, 1, 2, 1, 2]: 8 vertices; chains feasible at all vertices: 5/5 (base); vertices covered by some chain: 8/8; |cost-form|=0.0e+00 |kappa-form|=2.2e-16  [OK]
  form [-1, 0, 1, 0, 1, 1, 1, 2]: 9 vertices; chains feasible at all vertices: 3/3 (base); vertices covered by some chain: 9/9; |cost-form|=2.2e-16 |kappa-form|=0.0e+00  [OK]
  form [-1, 0, 1, 1, 1, 2, 2, 0]: 10 vertices; chains feasible at all vertices: 4/4 (base); vertices covered by some chain: 10/10; |cost-form|=2.2e-16 |kappa-form|=2.0e-15  [OK]
  form [-1, 0, 1, 2, 1, 2, 2, -1]: 8 vertices; chains feasible at all vertices: 5/5 (base); vertices covered by some chain: 8/8; |cost-form|=0.0e+00 |kappa-form|=0.0e+00  [OK]
  form [0, -1, 0, 1, 1, 1, 1, 2]: 9 vertices; chains feasible at all vertices: 3/3 (base); vertices covered by some chain: 9/9; |cost-form|=4.4e-16 |kappa-form|=2.2e-16  [OK]
  form [0, 0, 1, 1, 1, 2, 1, 1]: 13 vertices; chains feasible at all vertices: 3/3 (base); vertices covered by some chain: 13/13; |cost-form|=0.0e+00 |kappa-form|=2.2e-16  [OK]
  form [0, 1, 1, 1, 2, 2, 1, 0]: 12 vertices; chains feasible at all vertices: 3/3 (base); vertices covered by some chain: 12/12; |cost-form|=0.0e+00 |kappa-form|=6.7e-16  [OK]
  form [0, 1, 1, 2, 1, 2, 0, 1]: 9 vertices; chains feasible at all vertices: 3/3 (base); vertices covered by some chain: 9/9; |cost-form|=5.6e-16 |kappa-form|=6.7e-16  [OK]
  form [0, 1, 1, 2, 2, 3, 1, -1]: 8 vertices; chains feasible at all vertices: 5/5 (base); vertices covered by some chain: 8/8; |cost-form|=0.0e+00 |kappa-form|=6.7e-16  [OK]
  form [0, 1, 2, 1, 2, 2, 1, -1]: 8 vertices; chains feasible at all vertices: 3/3 (base); vertices covered by some chain: 8/8; |cost-form|=2.2e-16 |kappa-form|=0.0e+00  [OK]
  form [1, 0, 1, 1, 2, 2, 0, 1]: 10 vertices; chains feasible at all vertices: 3/3 (base); vertices covered by some chain: 10/10; |cost-form|=4.4e-16 |kappa-form|=2.2e-16  [OK]
  form [1, 1, 1, 2, 2, 2, 0, 0]: 10 vertices; chains feasible at all vertices: 1/1 (base); vertices covered by some chain: 10/10; |cost-form|=0.0e+00 |kappa-form|=0.0e+00  [OK]
  form [1, 1, 2, 2, 3, 2, 0, -1]: 9 vertices; chains feasible at all vertices: 3/3 (base); vertices covered by some chain: 9/9; |cost-form|=2.2e-16 |kappa-form|=2.2e-16  [OK]
  form [1, 1, 2, 3, 2, 2, -1, 0]: 11 vertices; chains feasible at all vertices: 3/3 (base); vertices covered by some chain: 11/11; |cost-form|=0.0e+00 |kappa-form|=0.0e+00  [OK]
  form [1, 2, 1, 2, 2, 3, 0, -1]: 9 vertices; chains feasible at all vertices: 3/3 (base); vertices covered by some chain: 9/9; |cost-form|=2.2e-16 |kappa-form|=2.2e-16  [OK]
  form [1, 2, 1, 2, 3, 2, -1, 0]: 9 vertices; chains feasible at all vertices: 3/3 (base); vertices covered by some chain: 9/9; |cost-form|=4.4e-16 |kappa-form|=2.2e-16  [OK]
  form [1, 2, 2, 3, 3, 2, -1, -1]: 11 vertices; chains feasible at all vertices: 3/3 (base); vertices covered by some chain: 11/11; |cost-form|=0.0e+00 |kappa-form|=0.0e+00  [OK]
  form [2, 1, 1, 2, 2, 3, -1, 0]: 11 vertices; chains feasible at all vertices: 3/3 (base); vertices covered by some chain: 11/11; |cost-form|=2.2e-16 |kappa-form|=0.0e+00  [OK]
  form [2, 1, 2, 3, 2, 3, -1, -1]: 9 vertices; chains feasible at all vertices: 3/3 (base); vertices covered by some chain: 9/9; |cost-form|=4.4e-16 |kappa-form|=1.4e-15  [OK]
  form [2, 2, 1, 2, 3, 3, -1, -1]: 11 vertices; chains feasible at all vertices: 3/3 (base); vertices covered by some chain: 11/11; |cost-form|=2.2e-16 |kappa-form|=1.1e-16  [OK]
  form [2, 3, 1, 2, 3, 3, -2, -1]: 8 vertices; chains feasible at all vertices: 3/3 (base); vertices covered by some chain: 8/8; |cost-form|=4.4e-16 |kappa-form|=5.6e-16  [OK]
  form [3, 1, 2, 2, 3, 3, -2, -1]: 8 vertices; chains feasible at all vertices: 3/3 (base); vertices covered by some chain: 8/8; |cost-form|=4.4e-16 |kappa-form|=1.3e-15  [OK]
RESULT m=6 z=1 d=10: 320 chamber vertices; every chamber covered by a single chain feasible at all its vertices: True  (2s)
m=7 z=1 d=11: 45 exposed forms
  form [-4, -3, -2, -1, 0, 0, 1, 5, 1]: 10 vertices; chains feasible at all vertices: 7/7 (base); vertices covered by some chain: 10/10; |cost-form|=0.0e+00 |kappa-form|=1.3e-15  [OK]
  form [-4, -3, -2, -1, 0, 1, 1, 5, 0]: 9 vertices; chains feasible at all vertices: 7/7 (base); vertices covered by some chain: 9/9; |cost-form|=4.4e-16 |kappa-form|=4.4e-16  [OK]
  form [-4, -3, -2, -1, 0, 1, 2, 5, -1]: 9 vertices; chains feasible at all vertices: 9/9 (base); vertices covered by some chain: 9/9; |cost-form|=0.0e+00 |kappa-form|=0.0e+00  [OK]
  form [-3, -2, -2, -1, -1, 0, 1, 3, 4]: 9 vertices; chains feasible at all vertices: 7/7 (base); vertices covered by some chain: 9/9; |cost-form|=0.0e+00 |kappa-form|=2.2e-15  [OK]
  form [-3, -2, -1, -1, 0, 0, 1, 4, 2]: 11 vertices; chains feasible at all vertices: 6/6 (base); vertices covered by some chain: 11/11; |cost-form|=0.0e+00 |kappa-form|=1.3e-15  [OK]
  form [-3, -2, -1, 0, 0, 1, 1, 4, 1]: 12 vertices; chains feasible at all vertices: 6/6 (base); vertices covered by some chain: 12/12; |cost-form|=4.4e-16 |kappa-form|=2.2e-16  [OK]
  form [-3, -2, -1, 0, 1, 1, 1, 4, 0]: 9 vertices; chains feasible at all vertices: 5/5 (base); vertices covered by some chain: 9/9; |cost-form|=0.0e+00 |kappa-form|=1.8e-15  [OK]
  form [-3, -2, -1, 0, 1, 2, 1, 4, -1]: 9 vertices; chains feasible at all vertices: 7/7 (base); vertices covered by some chain: 9/9; |cost-form|=4.4e-16 |kappa-form|=1.3e-15  [OK]
  form [-2, -2, -1, -1, 0, 0, 1, 3, 3]: 14 vertices; chains feasible at all vertices: 5/5 (base); vertices covered by some chain: 14/14; |cost-form|=0.0e+00 |kappa-form|=2.2e-15  [OK]
  form [-2, -1, -1, 0, 0, 1, 1, 3, 2]: 13 vertices; chains feasible at all vertices: 5/5 (base); vertices covered by some chain: 13/13; |cost-form|=4.4e-16 |kappa-form|=4.4e-16  [OK]
  form [-2, -1, -1, 0, 1, 0, 1, 2, 3]: 10 vertices; chains feasible at all vertices: 5/5 (base); vertices covered by some chain: 10/10; |cost-form|=2.2e-16 |kappa-form|=0.0e+00  [OK]
  form [-2, -1, 0, -1, 0, 1, 1, 2, 3]: 10 vertices; chains feasible at all vertices: 5/5 (base); vertices covered by some chain: 10/10; |cost-form|=0.0e+00 |kappa-form|=4.4e-16  [OK]
  form [-2, -1, 0, 0, 1, 1, 1, 3, 1]: 12 vertices; chains feasible at all vertices: 4/4 (base); vertices covered by some chain: 12/12; |cost-form|=4.4e-16 |kappa-form|=2.2e-16  [OK]
  form [-2, -1, 0, 1, 1, 1, 2, 3, 0]: 11 vertices; chains feasible at all vertices: 5/5 (base); vertices covered by some chain: 11/11; |cost-form|=4.4e-16 |kappa-form|=4.4e-16  [OK]
  form [-2, -1, 0, 1, 2, 1, 2, 3, -1]: 9 vertices; chains feasible at all vertices: 6/6 (base); vertices covered by some chain: 9/9; |cost-form|=4.4e-16 |kappa-form|=8.9e-16  [OK]
  form [-1, -2, -1, 0, 0, 1, 1, 2, 3]: 10 vertices; chains feasible at all vertices: 5/5 (base); vertices covered by some chain: 10/10; |cost-form|=0.0e+00 |kappa-form|=0.0e+00  [OK]
  form [-1, -1, 0, 0, 1, 1, 1, 2, 2]: 14 vertices; chains feasible at all vertices: 3/3 (base); vertices covered by some chain: 14/14; |cost-form|=2.2e-16 |kappa-form|=2.2e-16  [OK]
  form [-1, 0, 0, 1, 1, 1, 2, 2, 1]: 14 vertices; chains feasible at all vertices: 4/4 (base); vertices covered by some chain: 14/14; |cost-form|=2.2e-16 |kappa-form|=2.2e-16  [OK]
  form [-1, 0, 0, 1, 1, 2, 1, 1, 2]: 9 vertices; chains feasible at all vertices: 4/4 (base); vertices covered by some chain: 9/9; |cost-form|=2.2e-16 |kappa-form|=8.9e-16  [OK]
  form [-1, 0, 1, 0, 1, 1, 2, 1, 2]: 10 vertices; chains feasible at all vertices: 4/4 (base); vertices covered by some chain: 10/10; |cost-form|=4.4e-16 |kappa-form|=8.9e-16  [OK]
  form [-1, 0, 1, 1, 1, 2, 2, 2, 0]: 13 vertices; chains feasible at all vertices: 4/4 (base); vertices covered by some chain: 13/13; |cost-form|=2.2e-16 |kappa-form|=2.2e-16  [OK]
  form [-1, 0, 1, 1, 2, 2, 3, 2, -1]: 9 vertices; chains feasible at all vertices: 6/6 (base); vertices covered by some chain: 9/9; |cost-form|=0.0e+00 |kappa-form|=2.2e-16  [OK]
  form [-1, 0, 1, 2, 1, 2, 2, 2, -1]: 9 vertices; chains feasible at all vertices: 4/4 (base); vertices covered by some chain: 9/9; |cost-form|=0.0e+00 |kappa-form|=0.0e+00  [OK]
  form [0, -1, 0, 1, 1, 1, 2, 1, 2]: 11 vertices; chains feasible at all vertices: 4/4 (base); vertices covered by some chain: 11/11; |cost-form|=0.0e+00 |kappa-form|=2.2e-16  [OK]
  form [0, 0, 1, 1, 1, 2, 2, 1, 1]: 17 vertices; chains feasible at all vertices: 3/3 (base); vertices covered by some chain: 17/17; |cost-form|=0.0e+00 |kappa-form|=0.0e+00  [OK]
  form [0, 1, 1, 1, 2, 2, 2, 1, 0]: 13 vertices; chains feasible at all vertices: 2/2 (base); vertices covered by some chain: 13/13; |cost-form|=0.0e+00 |kappa-form|=2.2e-16  [OK]
  form [0, 1, 1, 1, 2, 2, 3, 0, 1]: 11 vertices; chains feasible at all vertices: 4/4 (base); vertices covered by some chain: 11/11; |cost-form|=0.0e+00 |kappa-form|=0.0e+00  [OK]
  form [0, 1, 1, 2, 1, 2, 2, 0, 1]: 10 vertices; chains feasible at all vertices: 2/2 (base); vertices covered by some chain: 10/10; |cost-form|=0.0e+00 |kappa-form|=4.4e-16  [OK]
  form [0, 1, 1, 2, 2, 3, 2, 1, -1]: 9 vertices; chains feasible at all vertices: 4/4 (base); vertices covered by some chain: 9/9; |cost-form|=2.2e-16 |kappa-form|=4.4e-16  [OK]
  form [0, 1, 2, 1, 2, 2, 3, 1, -1]: 9 vertices; chains feasible at all vertices: 4/4 (base); vertices covered by some chain: 9/9; |cost-form|=8.9e-16 |kappa-form|=8.9e-16  [OK]
  form [1, 0, 1, 1, 2, 2, 2, 0, 1]: 11 vertices; chains feasible at all vertices: 2/2 (base); vertices covered by some chain: 11/11; |cost-form|=0.0e+00 |kappa-form|=4.4e-16  [OK]
  form [1, 1, 1, 2, 2, 2, 3, 0, 0]: 16 vertices; chains feasible at all vertices: 2/2 (base); vertices covered by some chain: 16/16; |cost-form|=0.0e+00 |kappa-form|=0.0e+00  [OK]
  form [1, 1, 2, 2, 2, 3, 4, -1, 0]: 12 vertices; chains feasible at all vertices: 1/4 (zeros needed: {b2,b3} {b1,a1,a2} {a3,a4,a5} {a6,0} {a7}); vertices covered by some chain: 12/12; |cost-form|=2.2e-16 |kappa-form|=0.0e+00  [OK]
  form [1, 1, 2, 2, 3, 2, 3, 0, -1]: 11 vertices; chains feasible at all vertices: 3/3 (base); vertices covered by some chain: 11/11; |cost-form|=0.0e+00 |kappa-form|=6.7e-16  [OK]
  form [1, 1, 2, 3, 2, 2, 3, -1, 0]: 15 vertices; chains feasible at all vertices: 3/3 (base); vertices covered by some chain: 15/15; |cost-form|=2.2e-16 |kappa-form|=2.2e-16  [OK]
  form [1, 2, 1, 2, 2, 3, 3, 0, -1]: 11 vertices; chains feasible at all vertices: 3/3 (base); vertices covered by some chain: 11/11; |cost-form|=0.0e+00 |kappa-form|=0.0e+00  [OK]
  form [1, 2, 1, 2, 3, 2, 3, -1, 0]: 11 vertices; chains feasible at all vertices: 3/3 (base); vertices covered by some chain: 11/11; |cost-form|=1.2e-15 |kappa-form|=1.9e-15  [OK]
  form [1, 2, 2, 3, 2, 3, 4, -1, -1]: 11 vertices; chains feasible at all vertices: 4/4 (base); vertices covered by some chain: 11/11; |cost-form|=2.2e-16 |kappa-form|=2.2e-16  [OK]
  form [1, 2, 2, 3, 3, 2, 3, -1, -1]: 12 vertices; chains feasible at all vertices: 2/2 (base); vertices covered by some chain: 12/12; |cost-form|=2.2e-16 |kappa-form|=2.2e-16  [OK]
  form [2, 1, 1, 2, 2, 3, 3, -1, 0]: 15 vertices; chains feasible at all vertices: 3/3 (base); vertices covered by some chain: 15/15; |cost-form|=4.4e-16 |kappa-form|=4.4e-16  [OK]
  form [2, 1, 2, 2, 3, 3, 4, -1, -1]: 11 vertices; chains feasible at all vertices: 4/4 (base); vertices covered by some chain: 11/11; |cost-form|=4.4e-16 |kappa-form|=4.4e-16  [OK]
  form [2, 1, 2, 3, 2, 3, 3, -1, -1]: 10 vertices; chains feasible at all vertices: 2/2 (base); vertices covered by some chain: 10/10; |cost-form|=0.0e+00 |kappa-form|=2.2e-16  [OK]
  form [2, 2, 1, 2, 3, 3, 3, -1, -1]: 12 vertices; chains feasible at all vertices: 2/2 (base); vertices covered by some chain: 12/12; |cost-form|=4.4e-16 |kappa-form|=4.4e-16  [OK]
  form [2, 3, 1, 2, 3, 3, 4, -2, -1]: 9 vertices; chains feasible at all vertices: 4/4 (base); vertices covered by some chain: 9/9; |cost-form|=2.2e-16 |kappa-form|=1.8e-15  [OK]
  form [3, 1, 2, 2, 3, 3, 4, -2, -1]: 9 vertices; chains feasible at all vertices: 4/4 (base); vertices covered by some chain: 9/9; |cost-form|=4.4e-16 |kappa-form|=0.0e+00  [OK]
RESULT m=7 z=1 d=11: 501 chamber vertices; every chamber covered by a single chain feasible at all its vertices: True  (4s)
m=8 z=1 d=12: 59 exposed forms
  form [-5, -4, -3, -2, -1, 0, 0, 1, 6, 1]: 11 vertices; chains feasible at all vertices: 8/8 (base); vertices covered by some chain: 11/11; |cost-form|=4.4e-16 |kappa-form|=4.4e-16  [OK]
  form [-5, -4, -3, -2, -1, 0, 1, 1, 6, 0]: 10 vertices; chains feasible at all vertices: 8/8 (base); vertices covered by some chain: 10/10; |cost-form|=8.9e-16 |kappa-form|=4.4e-16  [OK]
  form [-5, -4, -3, -2, -1, 0, 1, 2, 6, -1]: 10 vertices; chains feasible at all vertices: 10/10 (base); vertices covered by some chain: 10/10; |cost-form|=0.0e+00 |kappa-form|=0.0e+00  [OK]
  form [-4, -3, -2, -1, -1, 0, 0, 1, 5, 2]: 12 vertices; chains feasible at all vertices: 7/7 (base); vertices covered by some chain: 12/12; |cost-form|=4.4e-16 |kappa-form|=4.4e-16  [OK]
  form [-4, -3, -2, -1, 0, 0, 1, 1, 5, 1]: 13 vertices; chains feasible at all vertices: 7/7 (base); vertices covered by some chain: 13/13; |cost-form|=4.4e-16 |kappa-form|=1.3e-15  [OK]
  form [-4, -3, -2, -1, 0, 1, 1, 1, 5, 0]: 10 vertices; chains feasible at all vertices: 6/6 (base); vertices covered by some chain: 10/10; |cost-form|=1.3e-15 |kappa-form|=1.3e-15  [OK]
  form [-4, -3, -2, -1, 0, 1, 2, 1, 5, -1]: 10 vertices; chains feasible at all vertices: 8/8 (base); vertices covered by some chain: 10/10; |cost-form|=8.9e-16 |kappa-form|=4.4e-16  [OK]
  form [-3, -2, -2, -1, -1, 0, 0, 1, 4, 3]: 13 vertices; chains feasible at all vertices: 6/6 (base); vertices covered by some chain: 13/13; |cost-form|=0.0e+00 |kappa-form|=2.7e-15  [OK]
  form [-3, -2, -2, -1, -1, 0, 1, 0, 3, 4]: 10 vertices; chains feasible at all vertices: 6/6 (base); vertices covered by some chain: 10/10; |cost-form|=0.0e+00 |kappa-form|=1.8e-15  [OK]
  form [-3, -2, -2, -1, 0, -1, 0, 1, 3, 4]: 10 vertices; chains feasible at all vertices: 6/6 (base); vertices covered by some chain: 10/10; |cost-form|=8.9e-16 |kappa-form|=0.0e+00  [OK]
  form [-3, -2, -1, -2, -1, 0, 0, 1, 3, 4]: 10 vertices; chains feasible at all vertices: 6/6 (base); vertices covered by some chain: 10/10; |cost-form|=0.0e+00 |kappa-form|=1.3e-15  [OK]
  form [-3, -2, -1, -1, 0, 0, 1, 1, 4, 2]: 14 vertices; chains feasible at all vertices: 6/6 (base); vertices covered by some chain: 14/14; |cost-form|=0.0e+00 |kappa-form|=0.0e+00  [OK]
  form [-3, -2, -1, 0, 0, 1, 1, 1, 4, 1]: 13 vertices; chains feasible at all vertices: 5/5 (base); vertices covered by some chain: 13/13; |cost-form|=4.4e-16 |kappa-form|=1.8e-15  [OK]
  form [-3, -2, -1, 0, 1, 1, 1, 2, 4, 0]: 12 vertices; chains feasible at all vertices: 6/6 (base); vertices covered by some chain: 12/12; |cost-form|=0.0e+00 |kappa-form|=1.8e-15  [OK]
  form [-3, -2, -1, 0, 1, 2, 1, 2, 4, -1]: 10 vertices; chains feasible at all vertices: 7/7 (base); vertices covered by some chain: 10/10; |cost-form|=4.4e-16 |kappa-form|=1.3e-15  [OK]
  form [-2, -3, -2, -1, -1, 0, 0, 1, 3, 4]: 10 vertices; chains feasible at all vertices: 6/6 (base); vertices covered by some chain: 10/10; |cost-form|=0.0e+00 |kappa-form|=2.1e-15  [OK]
  form [-2, -2, -1, -1, 0, 0, 1, 1, 3, 3]: 19 vertices; chains feasible at all vertices: 5/5 (base); vertices covered by some chain: 19/19; |cost-form|=0.0e+00 |kappa-form|=2.2e-15  [OK]
  form [-2, -1, -1, 0, 0, 1, 1, 1, 3, 2]: 14 vertices; chains feasible at all vertices: 4/4 (base); vertices covered by some chain: 14/14; |cost-form|=4.4e-16 |kappa-form|=8.9e-16  [OK]
  form [-2, -1, -1, 0, 0, 1, 1, 2, 2, 3]: 10 vertices; chains feasible at all vertices: 6/6 (base); vertices covered by some chain: 10/10; |cost-form|=0.0e+00 |kappa-form|=2.2e-15  [OK]
  form [-2, -1, -1, 0, 1, 0, 1, 1, 2, 3]: 11 vertices; chains feasible at all vertices: 4/4 (base); vertices covered by some chain: 11/11; |cost-form|=2.2e-16 |kappa-form|=2.7e-15  [OK]
  form [-2, -1, 0, -1, 0, 1, 1, 1, 2, 3]: 11 vertices; chains feasible at all vertices: 4/4 (base); vertices covered by some chain: 11/11; |cost-form|=0.0e+00 |kappa-form|=1.3e-15  [OK]
  form [-2, -1, 0, 0, 1, 1, 1, 2, 3, 1]: 15 vertices; chains feasible at all vertices: 5/5 (base); vertices covered by some chain: 15/15; |cost-form|=0.0e+00 |kappa-form|=4.4e-16  [OK]
  form [-2, -1, 0, 1, 1, 1, 2, 2, 3, 0]: 14 vertices; chains feasible at all vertices: 5/5 (base); vertices covered by some chain: 14/14; |cost-form|=0.0e+00 |kappa-form|=0.0e+00  [OK]
  form [-2, -1, 0, 1, 1, 2, 2, 3, 3, -1]: 10 vertices; chains feasible at all vertices: 7/7 (base); vertices covered by some chain: 10/10; |cost-form|=0.0e+00 |kappa-form|=4.4e-16  [OK]
  form [-2, -1, 0, 1, 2, 1, 2, 2, 3, -1]: 10 vertices; chains feasible at all vertices: 5/5 (base); vertices covered by some chain: 10/10; |cost-form|=4.4e-16 |kappa-form|=0.0e+00  [OK]
  form [-1, -2, -1, 0, 0, 1, 1, 1, 2, 3]: 11 vertices; chains feasible at all vertices: 4/4 (base); vertices covered by some chain: 11/11; |cost-form|=0.0e+00 |kappa-form|=0.0e+00  [OK]
  form [-1, -1, 0, 0, 1, 1, 1, 2, 2, 2]: 19 vertices; chains feasible at all vertices: 4/4 (base); vertices covered by some chain: 19/19; |cost-form|=2.2e-16 |kappa-form|=2.2e-16  [OK]
  form [-1, 0, 0, 1, 1, 1, 2, 2, 2, 1]: 17 vertices; chains feasible at all vertices: 4/4 (base); vertices covered by some chain: 17/17; |cost-form|=6.7e-16 |kappa-form|=2.2e-15  [OK]
  form [-1, 0, 0, 1, 1, 2, 1, 2, 1, 2]: 10 vertices; chains feasible at all vertices: 4/4 (base); vertices covered by some chain: 10/10; |cost-form|=0.0e+00 |kappa-form|=0.0e+00  [OK]
  form [-1, 0, 1, 0, 1, 1, 2, 2, 1, 2]: 12 vertices; chains feasible at all vertices: 4/4 (base); vertices covered by some chain: 12/12; |cost-form|=0.0e+00 |kappa-form|=0.0e+00  [OK]
  form [-1, 0, 1, 1, 1, 2, 2, 2, 2, 0]: 14 vertices; chains feasible at all vertices: 3/3 (base); vertices covered by some chain: 14/14; |cost-form|=0.0e+00 |kappa-form|=1.3e-15  [OK]
  form [-1, 0, 1, 1, 2, 2, 3, 2, 2, -1]: 10 vertices; chains feasible at all vertices: 5/5 (base); vertices covered by some chain: 10/10; |cost-form|=4.4e-16 |kappa-form|=1.1e-15  [OK]
  form [-1, 0, 1, 2, 1, 2, 2, 3, 2, -1]: 10 vertices; chains feasible at all vertices: 5/5 (base); vertices covered by some chain: 10/10; |cost-form|=0.0e+00 |kappa-form|=0.0e+00  [OK]
  form [0, -1, 0, 1, 1, 1, 2, 2, 1, 2]: 13 vertices; chains feasible at all vertices: 4/4 (base); vertices covered by some chain: 13/13; |cost-form|=0.0e+00 |kappa-form|=0.0e+00  [OK]
  form [0, 0, 1, 1, 1, 2, 2, 2, 1, 1]: 18 vertices; chains feasible at all vertices: 2/2 (base); vertices covered by some chain: 18/18; |cost-form|=2.2e-16 |kappa-form|=2.2e-16  [OK]
  form [0, 1, 1, 1, 2, 2, 2, 3, 1, 0]: 17 vertices; chains feasible at all vertices: 3/3 (base); vertices covered by some chain: 17/17; |cost-form|=6.7e-16 |kappa-form|=0.0e+00  [OK]
  form [0, 1, 1, 1, 2, 2, 3, 2, 0, 1]: 12 vertices; chains feasible at all vertices: 3/3 (base); vertices covered by some chain: 12/12; |cost-form|=2.2e-16 |kappa-form|=2.9e-15  [OK]
  form [0, 1, 1, 2, 1, 2, 2, 3, 0, 1]: 12 vertices; chains feasible at all vertices: 3/3 (base); vertices covered by some chain: 12/12; |cost-form|=0.0e+00 |kappa-form|=0.0e+00  [OK]
  form [0, 1, 1, 2, 2, 3, 2, 3, 1, -1]: 10 vertices; chains feasible at all vertices: 4/4 (base); vertices covered by some chain: 10/10; |cost-form|=2.2e-16 |kappa-form|=1.6e-15  [OK]
  form [0, 1, 2, 1, 2, 2, 3, 3, 1, -1]: 10 vertices; chains feasible at all vertices: 4/4 (base); vertices covered by some chain: 10/10; |cost-form|=4.4e-16 |kappa-form|=1.3e-15  [OK]
  form [1, 0, 1, 1, 2, 2, 2, 3, 0, 1]: 13 vertices; chains feasible at all vertices: 3/3 (base); vertices covered by some chain: 13/13; |cost-form|=2.2e-16 |kappa-form|=8.9e-16  [OK]
  form [1, 1, 1, 2, 2, 2, 3, 3, 0, 0]: 22 vertices; chains feasible at all vertices: 2/2 (base); vertices covered by some chain: 22/22; |cost-form|=6.7e-16 |kappa-form|=1.1e-15  [OK]
  form [1, 1, 2, 2, 2, 3, 3, 4, 0, -1]: 12 vertices; chains feasible at all vertices: 4/4 (base); vertices covered by some chain: 12/12; |cost-form|=6.7e-16 |kappa-form|=1.1e-15  [OK]
  form [1, 1, 2, 2, 2, 3, 4, 3, -1, 0]: 16 vertices; chains feasible at all vertices: 4/4 (base); vertices covered by some chain: 16/16; |cost-form|=2.2e-16 |kappa-form|=6.7e-16  [OK]
  form [1, 1, 2, 2, 3, 2, 3, 3, 0, -1]: 12 vertices; chains feasible at all vertices: 2/2 (base); vertices covered by some chain: 12/12; |cost-form|=2.2e-16 |kappa-form|=8.9e-16  [OK]
  form [1, 1, 2, 2, 3, 2, 3, 4, -1, 0]: 12 vertices; chains feasible at all vertices: 4/4 (base); vertices covered by some chain: 12/12; |cost-form|=1.1e-15 |kappa-form|=2.4e-15  [OK]
  form [1, 1, 2, 3, 2, 2, 3, 3, -1, 0]: 16 vertices; chains feasible at all vertices: 2/2 (base); vertices covered by some chain: 16/16; |cost-form|=0.0e+00 |kappa-form|=2.2e-16  [OK]
  form [1, 2, 1, 2, 2, 3, 3, 3, 0, -1]: 12 vertices; chains feasible at all vertices: 2/2 (base); vertices covered by some chain: 12/12; |cost-form|=8.9e-16 |kappa-form|=4.4e-16  [OK]
  form [1, 2, 1, 2, 2, 3, 3, 4, -1, 0]: 12 vertices; chains feasible at all vertices: 4/4 (base); vertices covered by some chain: 12/12; |cost-form|=1.0e-15 |kappa-form|=1.1e-15  [OK]
  form [1, 2, 1, 2, 3, 2, 3, 3, -1, 0]: 12 vertices; chains feasible at all vertices: 2/2 (base); vertices covered by some chain: 12/12; |cost-form|=3.3e-16 |kappa-form|=2.1e-15  [OK]
  form [1, 2, 2, 2, 3, 3, 4, 4, -1, -1]: 16 vertices; chains feasible at all vertices: 1/4 (zeros needed: {b3} {b1,b2,a1} {a2,a3,a4} {a5,a6,0} {a7,a8}); vertices covered by some chain: 16/16; |cost-form|=0.0e+00 |kappa-form|=0.0e+00  [OK]
  form [1, 2, 2, 3, 2, 3, 4, 3, -1, -1]: 12 vertices; chains feasible at all vertices: 3/3 (base); vertices covered by some chain: 12/12; |cost-form|=2.2e-16 |kappa-form|=3.6e-15  [OK]
  form [1, 2, 2, 3, 3, 2, 3, 4, -1, -1]: 16 vertices; chains feasible at all vertices: 3/3 (base); vertices covered by some chain: 16/16; |cost-form|=0.0e+00 |kappa-form|=2.2e-16  [OK]
  form [2, 1, 1, 2, 2, 3, 3, 3, -1, 0]: 16 vertices; chains feasible at all vertices: 2/2 (base); vertices covered by some chain: 16/16; |cost-form|=0.0e+00 |kappa-form|=0.0e+00  [OK]
  form [2, 1, 2, 2, 3, 3, 4, 3, -1, -1]: 12 vertices; chains feasible at all vertices: 3/3 (base); vertices covered by some chain: 12/12; |cost-form|=3.3e-16 |kappa-form|=5.8e-15  [OK]
  form [2, 1, 2, 3, 2, 3, 3, 4, -1, -1]: 12 vertices; chains feasible at all vertices: 3/3 (base); vertices covered by some chain: 12/12; |cost-form|=4.4e-16 |kappa-form|=4.4e-16  [OK]
  form [2, 2, 1, 2, 3, 3, 3, 4, -1, -1]: 16 vertices; chains feasible at all vertices: 3/3 (base); vertices covered by some chain: 16/16; |cost-form|=2.2e-16 |kappa-form|=2.2e-16  [OK]
  form [2, 3, 1, 2, 3, 3, 4, 4, -2, -1]: 10 vertices; chains feasible at all vertices: 4/4 (base); vertices covered by some chain: 10/10; |cost-form|=1.9e-15 |kappa-form|=2.9e-15  [OK]
  form [3, 1, 2, 2, 3, 3, 4, 4, -2, -1]: 10 vertices; chains feasible at all vertices: 4/4 (base); vertices covered by some chain: 10/10; |cost-form|=1.3e-15 |kappa-form|=1.3e-15  [OK]
RESULT m=8 z=1 d=12: 746 chamber vertices; every chamber covered by a single chain feasible at all its vertices: True  (5s)
m=9 z=1 d=13: 69 exposed forms
  form [-6, -5, -4, -3, -2, -1, 0, 0, 1, 7, 1]: 12 vertices; chains feasible at all vertices: 9/9 (base); vertices covered by some chain: 12/12; |cost-form|=4.4e-16 |kappa-form|=4.4e-16  [OK]
  form [-6, -5, -4, -3, -2, -1, 0, 1, 1, 7, 0]: 11 vertices; chains feasible at all vertices: 9/9 (base); vertices covered by some chain: 11/11; |cost-form|=0.0e+00 |kappa-form|=0.0e+00  [OK]
  form [-6, -5, -4, -3, -2, -1, 0, 1, 2, 7, -1]: 11 vertices; chains feasible at all vertices: 11/11 (base); vertices covered by some chain: 11/11; |cost-form|=0.0e+00 |kappa-form|=0.0e+00  [OK]
  form [-5, -4, -3, -2, -1, -1, 0, 0, 1, 6, 2]: 13 vertices; chains feasible at all vertices: 8/8 (base); vertices covered by some chain: 13/13; |cost-form|=8.9e-16 |kappa-form|=4.4e-16  [OK]
  form [-5, -4, -3, -2, -1, 0, 0, 1, 1, 6, 1]: 14 vertices; chains feasible at all vertices: 8/8 (base); vertices covered by some chain: 14/14; |cost-form|=4.4e-16 |kappa-form|=8.9e-16  [OK]
  form [-5, -4, -3, -2, -1, 0, 1, 1, 1, 6, 0]: 11 vertices; chains feasible at all vertices: 7/7 (base); vertices covered by some chain: 11/11; |cost-form|=0.0e+00 |kappa-form|=0.0e+00  [OK]
  form [-5, -4, -3, -2, -1, 0, 1, 2, 1, 6, -1]: 11 vertices; chains feasible at all vertices: 9/9 (base); vertices covered by some chain: 11/11; |cost-form|=4.4e-16 |kappa-form|=8.9e-16  [OK]
  form [-4, -3, -3, -2, -2, -1, -1, 0, 1, 4, 5]: 11 vertices; chains feasible at all vertices: 8/8 (base); vertices covered by some chain: 11/11; |cost-form|=0.0e+00 |kappa-form|=4.4e-16  [OK]
  form [-4, -3, -2, -2, -1, -1, 0, 0, 1, 5, 3]: 14 vertices; chains feasible at all vertices: 7/7 (base); vertices covered by some chain: 14/14; |cost-form|=8.9e-16 |kappa-form|=1.8e-15  [OK]
  form [-4, -3, -2, -1, -1, 0, 0, 1, 1, 5, 2]: 15 vertices; chains feasible at all vertices: 7/7 (base); vertices covered by some chain: 15/15; |cost-form|=0.0e+00 |kappa-form|=4.4e-16  [OK]
  form [-4, -3, -2, -1, 0, 0, 1, 1, 1, 5, 1]: 14 vertices; chains feasible at all vertices: 6/6 (base); vertices covered by some chain: 14/14; |cost-form|=4.4e-16 |kappa-form|=4.4e-16  [OK]
  form [-4, -3, -2, -1, 0, 1, 1, 1, 2, 5, 0]: 13 vertices; chains feasible at all vertices: 7/7 (base); vertices covered by some chain: 13/13; |cost-form|=8.9e-16 |kappa-form|=1.8e-15  [OK]
  form [-4, -3, -2, -1, 0, 1, 2, 1, 2, 5, -1]: 11 vertices; chains feasible at all vertices: 8/8 (base); vertices covered by some chain: 11/11; |cost-form|=8.9e-16 |kappa-form|=1.8e-15  [OK]
  form [-3, -3, -2, -2, -1, -1, 0, 0, 1, 4, 4]: 20 vertices; chains feasible at all vertices: 6/6 (base); vertices covered by some chain: 20/20; |cost-form|=0.0e+00 |kappa-form|=1.3e-15  [OK]
  form [-3, -2, -2, -1, -1, 0, 0, 1, 1, 4, 3]: 16 vertices; chains feasible at all vertices: 6/6 (base); vertices covered by some chain: 16/16; |cost-form|=0.0e+00 |kappa-form|=0.0e+00  [OK]
  form [-3, -2, -2, -1, -1, 0, 1, 0, 1, 3, 4]: 12 vertices; chains feasible at all vertices: 6/6 (base); vertices covered by some chain: 12/12; |cost-form|=0.0e+00 |kappa-form|=4.4e-16  [OK]
  form [-3, -2, -2, -1, 0, -1, 0, 1, 1, 3, 4]: 12 vertices; chains feasible at all vertices: 6/6 (base); vertices covered by some chain: 12/12; |cost-form|=0.0e+00 |kappa-form|=1.8e-15  [OK]
  form [-3, -2, -1, -2, -1, 0, 0, 1, 1, 3, 4]: 12 vertices; chains feasible at all vertices: 6/6 (base); vertices covered by some chain: 12/12; |cost-form|=4.4e-16 |kappa-form|=1.8e-15  [OK]
  form [-3, -2, -1, -1, 0, 0, 1, 1, 1, 4, 2]: 15 vertices; chains feasible at all vertices: 5/5 (base); vertices covered by some chain: 15/15; |cost-form|=0.0e+00 |kappa-form|=0.0e+00  [OK]
  form [-3, -2, -1, 0, 0, 1, 1, 1, 2, 4, 1]: 16 vertices; chains feasible at all vertices: 6/6 (base); vertices covered by some chain: 16/16; |cost-form|=0.0e+00 |kappa-form|=0.0e+00  [OK]
  form [-3, -2, -1, 0, 1, 1, 1, 2, 2, 4, 0]: 15 vertices; chains feasible at all vertices: 6/6 (base); vertices covered by some chain: 15/15; |cost-form|=4.4e-16 |kappa-form|=8.9e-16  [OK]
  form [-3, -2, -1, 0, 1, 1, 2, 2, 3, 4, -1]: 11 vertices; chains feasible at all vertices: 8/8 (base); vertices covered by some chain: 11/11; |cost-form|=8.9e-16 |kappa-form|=8.9e-16  [OK]
  form [-3, -2, -1, 0, 1, 2, 1, 2, 2, 4, -1]: 11 vertices; chains feasible at all vertices: 6/6 (base); vertices covered by some chain: 11/11; |cost-form|=8.9e-16 |kappa-form|=1.3e-15  [OK]
  form [-2, -3, -2, -1, -1, 0, 0, 1, 1, 3, 4]: 12 vertices; chains feasible at all vertices: 6/6 (base); vertices covered by some chain: 12/12; |cost-form|=0.0e+00 |kappa-form|=8.9e-16  [OK]
  form [-2, -2, -1, -1, 0, 0, 1, 1, 1, 3, 3]: 20 vertices; chains feasible at all vertices: 4/4 (base); vertices covered by some chain: 20/20; |cost-form|=0.0e+00 |kappa-form|=8.9e-16  [OK]
  form [-2, -1, -1, 0, 0, 1, 1, 1, 2, 3, 2]: 17 vertices; chains feasible at all vertices: 5/5 (base); vertices covered by some chain: 17/17; |cost-form|=4.4e-16 |kappa-form|=0.0e+00  [OK]
  form [-2, -1, -1, 0, 0, 1, 1, 2, 1, 2, 3]: 11 vertices; chains feasible at all vertices: 5/5 (base); vertices covered by some chain: 11/11; |cost-form|=0.0e+00 |kappa-form|=4.4e-16  [OK]
  form [-2, -1, -1, 0, 1, 0, 1, 1, 2, 2, 3]: 12 vertices; chains feasible at all vertices: 5/5 (base); vertices covered by some chain: 12/12; |cost-form|=0.0e+00 |kappa-form|=8.9e-16  [OK]
  form [-2, -1, 0, -1, 0, 1, 1, 1, 2, 2, 3]: 13 vertices; chains feasible at all vertices: 5/5 (base); vertices covered by some chain: 13/13; |cost-form|=4.4e-16 |kappa-form|=4.4e-16  [OK]
  form [-2, -1, 0, 0, 1, 1, 1, 2, 2, 3, 1]: 18 vertices; chains feasible at all vertices: 5/5 (base); vertices covered by some chain: 18/18; |cost-form|=4.4e-16 |kappa-form|=4.4e-16  [OK]
  form [-2, -1, 0, 1, 1, 1, 2, 2, 2, 3, 0]: 15 vertices; chains feasible at all vertices: 4/4 (base); vertices covered by some chain: 15/15; |cost-form|=2.2e-16 |kappa-form|=6.7e-16  [OK]
  form [-2, -1, 0, 1, 1, 2, 2, 3, 2, 3, -1]: 11 vertices; chains feasible at all vertices: 6/6 (base); vertices covered by some chain: 11/11; |cost-form|=0.0e+00 |kappa-form|=0.0e+00  [OK]
  form [-2, -1, 0, 1, 2, 1, 2, 2, 3, 3, -1]: 11 vertices; chains feasible at all vertices: 6/6 (base); vertices covered by some chain: 11/11; |cost-form|=0.0e+00 |kappa-form|=0.0e+00  [OK]
  form [-1, -2, -1, 0, 0, 1, 1, 1, 2, 2, 3]: 13 vertices; chains feasible at all vertices: 5/5 (base); vertices covered by some chain: 13/13; |cost-form|=4.4e-16 |kappa-form|=4.4e-16  [OK]
  form [-1, -1, 0, 0, 1, 1, 1, 2, 2, 2, 2]: 24 vertices; chains feasible at all vertices: 4/4 (base); vertices covered by some chain: 24/24; |cost-form|=4.4e-16 |kappa-form|=8.9e-16  [OK]
  form [-1, 0, 0, 1, 1, 1, 2, 2, 2, 2, 1]: 18 vertices; chains feasible at all vertices: 3/3 (base); vertices covered by some chain: 18/18; |cost-form|=0.0e+00 |kappa-form|=2.2e-16  [OK]
  form [-1, 0, 0, 1, 1, 1, 2, 2, 3, 1, 2]: 11 vertices; chains feasible at all vertices: 5/5 (base); vertices covered by some chain: 11/11; |cost-form|=0.0e+00 |kappa-form|=0.0e+00  [OK]
  form [-1, 0, 0, 1, 1, 2, 1, 2, 2, 1, 2]: 11 vertices; chains feasible at all vertices: 3/3 (base); vertices covered by some chain: 11/11; |cost-form|=2.2e-16 |kappa-form|=0.0e+00  [OK]
  form [-1, 0, 1, 0, 1, 1, 2, 2, 2, 1, 2]: 13 vertices; chains feasible at all vertices: 3/3 (base); vertices covered by some chain: 13/13; |cost-form|=0.0e+00 |kappa-form|=4.4e-16  [OK]
  form [-1, 0, 1, 1, 1, 2, 2, 2, 3, 2, 0]: 18 vertices; chains feasible at all vertices: 4/4 (base); vertices covered by some chain: 18/18; |cost-form|=4.4e-16 |kappa-form|=0.0e+00  [OK]
  form [-1, 0, 1, 1, 2, 2, 3, 2, 3, 2, -1]: 11 vertices; chains feasible at all vertices: 5/5 (base); vertices covered by some chain: 11/11; |cost-form|=0.0e+00 |kappa-form|=0.0e+00  [OK]
  form [-1, 0, 1, 2, 1, 2, 2, 3, 3, 2, -1]: 11 vertices; chains feasible at all vertices: 5/5 (base); vertices covered by some chain: 11/11; |cost-form|=0.0e+00 |kappa-form|=6.7e-16  [OK]
  form [0, -1, 0, 1, 1, 1, 2, 2, 2, 1, 2]: 14 vertices; chains feasible at all vertices: 3/3 (base); vertices covered by some chain: 14/14; |cost-form|=0.0e+00 |kappa-form|=2.2e-16  [OK]
  form [0, 0, 1, 1, 1, 2, 2, 2, 3, 1, 1]: 23 vertices; chains feasible at all vertices: 3/3 (base); vertices covered by some chain: 23/23; |cost-form|=2.2e-16 |kappa-form|=4.4e-16  [OK]
  form [0, 1, 1, 1, 2, 2, 2, 3, 3, 1, 0]: 21 vertices; chains feasible at all vertices: 3/3 (base); vertices covered by some chain: 21/21; |cost-form|=2.2e-16 |kappa-form|=2.2e-16  [OK]
  form [0, 1, 1, 1, 2, 2, 3, 2, 3, 0, 1]: 13 vertices; chains feasible at all vertices: 3/3 (base); vertices covered by some chain: 13/13; |cost-form|=8.9e-16 |kappa-form|=2.4e-15  [OK]
  form [0, 1, 1, 2, 1, 2, 2, 3, 3, 0, 1]: 13 vertices; chains feasible at all vertices: 3/3 (base); vertices covered by some chain: 13/13; |cost-form|=4.4e-16 |kappa-form|=4.4e-16  [OK]
  form [0, 1, 1, 2, 2, 2, 3, 3, 4, 1, -1]: 11 vertices; chains feasible at all vertices: 5/5 (base); vertices covered by some chain: 11/11; |cost-form|=0.0e+00 |kappa-form|=0.0e+00  [OK]
  form [0, 1, 1, 2, 2, 3, 2, 3, 3, 1, -1]: 11 vertices; chains feasible at all vertices: 3/3 (base); vertices covered by some chain: 11/11; |cost-form|=4.4e-16 |kappa-form|=1.1e-15  [OK]
  form [0, 1, 2, 1, 2, 2, 3, 3, 3, 1, -1]: 11 vertices; chains feasible at all vertices: 3/3 (base); vertices covered by some chain: 11/11; |cost-form|=0.0e+00 |kappa-form|=4.4e-16  [OK]
  form [1, 0, 1, 1, 2, 2, 2, 3, 3, 0, 1]: 15 vertices; chains feasible at all vertices: 3/3 (base); vertices covered by some chain: 15/15; |cost-form|=2.2e-16 |kappa-form|=6.7e-16  [OK]
  form [1, 1, 1, 2, 2, 2, 3, 3, 3, 0, 0]: 23 vertices; chains feasible at all vertices: 1/1 (base); vertices covered by some chain: 23/23; |cost-form|=0.0e+00 |kappa-form|=2.2e-16  [OK]
  form [1, 1, 2, 2, 2, 3, 3, 4, 3, 0, -1]: 13 vertices; chains feasible at all vertices: 3/3 (base); vertices covered by some chain: 13/13; |cost-form|=1.3e-15 |kappa-form|=1.6e-15  [OK]
  form [1, 1, 2, 2, 2, 3, 4, 3, 3, -1, 0]: 17 vertices; chains feasible at all vertices: 3/3 (base); vertices covered by some chain: 17/17; |cost-form|=0.0e+00 |kappa-form|=2.2e-16  [OK]
  form [1, 1, 2, 2, 3, 2, 3, 3, 4, 0, -1]: 13 vertices; chains feasible at all vertices: 3/3 (base); vertices covered by some chain: 13/13; |cost-form|=2.2e-16 |kappa-form|=2.2e-16  [OK]
  form [1, 1, 2, 2, 3, 2, 3, 4, 3, -1, 0]: 13 vertices; chains feasible at all vertices: 3/3 (base); vertices covered by some chain: 13/13; |cost-form|=4.4e-16 |kappa-form|=1.6e-15  [OK]
  form [1, 1, 2, 3, 2, 2, 3, 3, 4, -1, 0]: 17 vertices; chains feasible at all vertices: 3/3 (base); vertices covered by some chain: 17/17; |cost-form|=2.2e-16 |kappa-form|=6.7e-16  [OK]
  form [1, 2, 1, 2, 2, 3, 3, 3, 4, 0, -1]: 13 vertices; chains feasible at all vertices: 3/3 (base); vertices covered by some chain: 13/13; |cost-form|=4.4e-16 |kappa-form|=2.2e-16  [OK]
  form [1, 2, 1, 2, 2, 3, 3, 4, 3, -1, 0]: 13 vertices; chains feasible at all vertices: 3/3 (base); vertices covered by some chain: 13/13; |cost-form|=0.0e+00 |kappa-form|=4.6e-15  [OK]
  form [1, 2, 1, 2, 3, 2, 3, 3, 4, -1, 0]: 13 vertices; chains feasible at all vertices: 3/3 (base); vertices covered by some chain: 13/13; |cost-form|=4.4e-16 |kappa-form|=2.6e-15  [OK]
  form [1, 2, 2, 2, 3, 3, 4, 4, 3, -1, -1]: 17 vertices; chains feasible at all vertices: 3/3 (base); vertices covered by some chain: 17/17; |cost-form|=0.0e+00 |kappa-form|=0.0e+00  [OK]
  form [1, 2, 2, 3, 2, 3, 4, 3, 4, -1, -1]: 13 vertices; chains feasible at all vertices: 3/3 (base); vertices covered by some chain: 13/13; |cost-form|=2.2e-16 |kappa-form|=2.0e-15  [OK]
  form [1, 2, 2, 3, 3, 2, 3, 4, 4, -1, -1]: 17 vertices; chains feasible at all vertices: 3/3 (base); vertices covered by some chain: 17/17; |cost-form|=2.2e-16 |kappa-form|=0.0e+00  [OK]
  form [2, 1, 1, 2, 2, 3, 3, 3, 4, -1, 0]: 18 vertices; chains feasible at all vertices: 3/3 (base); vertices covered by some chain: 18/18; |cost-form|=0.0e+00 |kappa-form|=0.0e+00  [OK]
  form [2, 1, 2, 2, 3, 3, 4, 3, 4, -1, -1]: 13 vertices; chains feasible at all vertices: 3/3 (base); vertices covered by some chain: 13/13; |cost-form|=2.2e-16 |kappa-form|=1.1e-14  [OK]
  form [2, 1, 2, 3, 2, 3, 3, 4, 4, -1, -1]: 13 vertices; chains feasible at all vertices: 3/3 (base); vertices covered by some chain: 13/13; |cost-form|=0.0e+00 |kappa-form|=8.1e-15  [OK]
  form [2, 2, 1, 2, 3, 3, 3, 4, 4, -1, -1]: 18 vertices; chains feasible at all vertices: 3/3 (base); vertices covered by some chain: 18/18; |cost-form|=3.3e-16 |kappa-form|=3.8e-15  [OK]
  form [2, 3, 1, 2, 3, 3, 4, 4, 4, -2, -1]: 11 vertices; chains feasible at all vertices: 3/3 (base); vertices covered by some chain: 11/11; |cost-form|=6.7e-16 |kappa-form|=2.4e-15  [OK]
  form [3, 1, 2, 2, 3, 3, 4, 4, 4, -2, -1]: 11 vertices; chains feasible at all vertices: 3/3 (base); vertices covered by some chain: 11/11; |cost-form|=2.2e-16 |kappa-form|=2.2e-16  [OK]
RESULT m=9 z=1 d=13: 969 chamber vertices; every chamber covered by a single chain feasible at all its vertices: True  (8s)
m=3 z=2 d=8: 10 exposed forms
  form [-1, 0, 1, 1, 2]: 5 vertices; chains feasible at all vertices: 13/13 (base); vertices covered by some chain: 5/5; |cost-form|=1.1e-16 |kappa-form|=1.1e-16  [OK]
  form [0, 0, 1, 1, 1]: 5 vertices; chains feasible at all vertices: 5/5 (base); vertices covered by some chain: 5/5; |cost-form|=0.0e+00 |kappa-form|=0.0e+00  [OK]
  form [0, 1, 1, 1, 0]: 5 vertices; chains feasible at all vertices: 5/5 (base); vertices covered by some chain: 5/5; |cost-form|=0.0e+00 |kappa-form|=0.0e+00  [OK]
  form [0, 1, 2, 1, -1]: 5 vertices; chains feasible at all vertices: 13/13 (base); vertices covered by some chain: 5/5; |cost-form|=2.2e-16 |kappa-form|=2.2e-16  [OK]
  form [1, 0, 1, 0, 1]: 5 vertices; chains feasible at all vertices: 5/5 (base); vertices covered by some chain: 5/5; |cost-form|=2.2e-16 |kappa-form|=2.2e-16  [OK]
  form [1, 2, 1, 0, -1]: 5 vertices; chains feasible at all vertices: 5/5 (base); vertices covered by some chain: 5/5; |cost-form|=2.2e-16 |kappa-form|=2.2e-16  [OK]
  form [2, 1, 1, -1, 0]: 5 vertices; chains feasible at all vertices: 5/5 (base); vertices covered by some chain: 5/5; |cost-form|=2.2e-16 |kappa-form|=2.2e-16  [OK]
  form [2, 2, 1, -1, -1]: 5 vertices; chains feasible at all vertices: 5/5 (base); vertices covered by some chain: 5/5; |cost-form|=2.2e-16 |kappa-form|=0.0e+00  [OK]
  form [2, 3, 1, -2, -1]: 5 vertices; chains feasible at all vertices: 13/13 (base); vertices covered by some chain: 5/5; |cost-form|=2.2e-16 |kappa-form|=2.2e-16  [OK]
  form [3, 1, 2, -2, -1]: 5 vertices; chains feasible at all vertices: 13/13 (base); vertices covered by some chain: 5/5; |cost-form|=1.1e-16 |kappa-form|=0.0e+00  [OK]
RESULT m=3 z=2 d=8: 50 chamber vertices; every chamber covered by a single chain feasible at all its vertices: True  (1s)
m=4 z=2 d=9: 18 exposed forms
  form [-1, 0, 0, 1, 2, 1]: 7 vertices; chains feasible at all vertices: 9/9 (base); vertices covered by some chain: 7/7; |cost-form|=2.2e-16 |kappa-form|=2.2e-16  [OK]
  form [-1, 0, 1, 0, 1, 2]: 6 vertices; chains feasible at all vertices: 9/9 (base); vertices covered by some chain: 6/6; |cost-form|=2.2e-16 |kappa-form|=0.0e+00  [OK]
  form [-1, 0, 1, 1, 2, 0]: 6 vertices; chains feasible at all vertices: 9/9 (base); vertices covered by some chain: 6/6; |cost-form|=2.2e-16 |kappa-form|=2.2e-16  [OK]
  form [-1, 0, 1, 2, 2, -1]: 6 vertices; chains feasible at all vertices: 19/19 (base); vertices covered by some chain: 6/6; |cost-form|=0.0e+00 |kappa-form|=0.0e+00  [OK]
  form [0, -1, 0, 1, 1, 2]: 6 vertices; chains feasible at all vertices: 9/9 (base); vertices covered by some chain: 6/6; |cost-form|=0.0e+00 |kappa-form|=0.0e+00  [OK]
  form [0, 0, 1, 1, 1, 1]: 8 vertices; chains feasible at all vertices: 4/4 (base); vertices covered by some chain: 8/8; |cost-form|=0.0e+00 |kappa-form|=6.7e-16  [OK]
  form [0, 1, 1, 1, 1, 0]: 6 vertices; chains feasible at all vertices: 3/3 (base); vertices covered by some chain: 6/6; |cost-form|=2.2e-16 |kappa-form|=0.0e+00  [OK]
  form [0, 1, 1, 2, 0, 1]: 7 vertices; chains feasible at all vertices: 9/9 (base); vertices covered by some chain: 7/7; |cost-form|=0.0e+00 |kappa-form|=0.0e+00  [OK]
  form [0, 1, 2, 1, 1, -1]: 6 vertices; chains feasible at all vertices: 9/9 (base); vertices covered by some chain: 6/6; |cost-form|=2.2e-16 |kappa-form|=2.2e-16  [OK]
  form [1, 0, 1, 1, 0, 1]: 6 vertices; chains feasible at all vertices: 3/3 (base); vertices covered by some chain: 6/6; |cost-form|=0.0e+00 |kappa-form|=0.0e+00  [OK]
  form [1, 1, 1, 2, 0, 0]: 6 vertices; chains feasible at all vertices: 3/3 (base); vertices covered by some chain: 6/6; |cost-form|=0.0e+00 |kappa-form|=0.0e+00  [OK]
  form [1, 1, 2, 3, -1, 0]: 7 vertices; chains feasible at all vertices: 4/9 (zeros needed: {b2,b3} {b1,a1,a2} {a3,0} {a4}); vertices covered by some chain: 7/7; |cost-form|=0.0e+00 |kappa-form|=0.0e+00  [OK]
  form [1, 2, 1, 2, 0, -1]: 7 vertices; chains feasible at all vertices: 4/4 (base); vertices covered by some chain: 7/7; |cost-form|=0.0e+00 |kappa-form|=0.0e+00  [OK]
  form [2, 1, 1, 2, -1, 0]: 8 vertices; chains feasible at all vertices: 4/4 (base); vertices covered by some chain: 8/8; |cost-form|=0.0e+00 |kappa-form|=0.0e+00  [OK]
  form [2, 1, 2, 3, -1, -1]: 7 vertices; chains feasible at all vertices: 9/9 (base); vertices covered by some chain: 7/7; |cost-form|=0.0e+00 |kappa-form|=0.0e+00  [OK]
  form [2, 2, 1, 2, -1, -1]: 6 vertices; chains feasible at all vertices: 3/3 (base); vertices covered by some chain: 6/6; |cost-form|=0.0e+00 |kappa-form|=4.4e-16  [OK]
  form [2, 3, 1, 2, -2, -1]: 6 vertices; chains feasible at all vertices: 9/9 (base); vertices covered by some chain: 6/6; |cost-form|=0.0e+00 |kappa-form|=0.0e+00  [OK]
  form [3, 1, 2, 2, -2, -1]: 6 vertices; chains feasible at all vertices: 9/9 (base); vertices covered by some chain: 6/6; |cost-form|=1.1e-16 |kappa-form|=6.7e-16  [OK]
RESULT m=4 z=2 d=9: 117 chamber vertices; every chamber covered by a single chain feasible at all its vertices: True  (22s)
m=5 z=2 d=10: 26 exposed forms
  form [-2, -1, -1, 0, 1, 2, 3]: 7 vertices; chains feasible at all vertices: 18/18 (base); vertices covered by some chain: 7/7; |cost-form|=0.0e+00 |kappa-form|=0.0e+00  [OK]
  form [-2, -1, 0, 0, 1, 3, 1]: 8 vertices; chains feasible at all vertices: 14/14 (base); vertices covered by some chain: 8/8; |cost-form|=0.0e+00 |kappa-form|=0.0e+00  [OK]
  form [-2, -1, 0, 1, 1, 3, 0]: 7 vertices; chains feasible at all vertices: 14/14 (base); vertices covered by some chain: 7/7; |cost-form|=0.0e+00 |kappa-form|=0.0e+00  [OK]
  form [-2, -1, 0, 1, 2, 3, -1]: 7 vertices; chains feasible at all vertices: 26/26 (base); vertices covered by some chain: 7/7; |cost-form|=4.4e-16 |kappa-form|=4.4e-16  [OK]
  form [-1, -1, 0, 0, 1, 2, 2]: 9 vertices; chains feasible at all vertices: 8/8 (base); vertices covered by some chain: 9/9; |cost-form|=0.0e+00 |kappa-form|=4.4e-16  [OK]
  form [-1, 0, 0, 1, 1, 2, 1]: 10 vertices; chains feasible at all vertices: 8/8 (base); vertices covered by some chain: 10/10; |cost-form|=0.0e+00 |kappa-form|=0.0e+00  [OK]
  form [-1, 0, 1, 0, 1, 1, 2]: 8 vertices; chains feasible at all vertices: 8/8 (base); vertices covered by some chain: 8/8; |cost-form|=2.2e-16 |kappa-form|=0.0e+00  [OK]
  form [-1, 0, 1, 1, 1, 2, 0]: 7 vertices; chains feasible at all vertices: 6/6 (base); vertices covered by some chain: 7/7; |cost-form|=2.2e-16 |kappa-form|=0.0e+00  [OK]
  form [-1, 0, 1, 2, 1, 2, -1]: 7 vertices; chains feasible at all vertices: 14/14 (base); vertices covered by some chain: 7/7; |cost-form|=0.0e+00 |kappa-form|=0.0e+00  [OK]
  form [0, -1, 0, 1, 1, 1, 2]: 8 vertices; chains feasible at all vertices: 8/8 (base); vertices covered by some chain: 8/8; |cost-form|=2.2e-16 |kappa-form|=6.7e-16  [OK]
  form [0, 0, 1, 1, 1, 1, 1]: 9 vertices; chains feasible at all vertices: 2/2 (base); vertices covered by some chain: 9/9; |cost-form|=0.0e+00 |kappa-form|=0.0e+00  [OK]
  form [0, 1, 1, 1, 2, 1, 0]: 9 vertices; chains feasible at all vertices: 6/6 (base); vertices covered by some chain: 9/9; |cost-form|=0.0e+00 |kappa-form|=4.4e-16  [OK]
  form [0, 1, 1, 2, 1, 0, 1]: 8 vertices; chains feasible at all vertices: 6/6 (base); vertices covered by some chain: 8/8; |cost-form|=0.0e+00 |kappa-form|=0.0e+00  [OK]
  form [0, 1, 2, 1, 2, 1, -1]: 7 vertices; chains feasible at all vertices: 8/8 (base); vertices covered by some chain: 7/7; |cost-form|=0.0e+00 |kappa-form|=2.2e-16  [OK]
  form [1, 0, 1, 1, 2, 0, 1]: 8 vertices; chains feasible at all vertices: 6/6 (base); vertices covered by some chain: 8/8; |cost-form|=0.0e+00 |kappa-form|=0.0e+00  [OK]
  form [1, 1, 1, 2, 2, 0, 0]: 9 vertices; chains feasible at all vertices: 2/2 (base); vertices covered by some chain: 9/9; |cost-form|=0.0e+00 |kappa-form|=0.0e+00  [OK]
  form [1, 1, 2, 2, 3, 0, -1]: 8 vertices; chains feasible at all vertices: 8/8 (base); vertices covered by some chain: 8/8; |cost-form|=2.2e-16 |kappa-form|=2.2e-16  [OK]
  form [1, 1, 2, 3, 2, -1, 0]: 10 vertices; chains feasible at all vertices: 8/8 (base); vertices covered by some chain: 10/10; |cost-form|=2.2e-16 |kappa-form|=0.0e+00  [OK]
  form [1, 2, 1, 2, 2, 0, -1]: 8 vertices; chains feasible at all vertices: 2/2 (base); vertices covered by some chain: 8/8; |cost-form|=0.0e+00 |kappa-form|=2.2e-16  [OK]
  form [1, 2, 1, 2, 3, -1, 0]: 8 vertices; chains feasible at all vertices: 8/8 (base); vertices covered by some chain: 8/8; |cost-form|=0.0e+00 |kappa-form|=0.0e+00  [OK]
  form [1, 2, 2, 3, 3, -1, -1]: 10 vertices; chains feasible at all vertices: 3/8 (zeros needed: {b3} {b1,b2,a1} {a2,a3,0} {a4,a5}); vertices covered by some chain: 10/10; |cost-form|=0.0e+00 |kappa-form|=2.2e-16  [OK]
  form [2, 1, 1, 2, 2, -1, 0]: 9 vertices; chains feasible at all vertices: 2/2 (base); vertices covered by some chain: 9/9; |cost-form|=0.0e+00 |kappa-form|=2.2e-16  [OK]
  form [2, 1, 2, 3, 2, -1, -1]: 8 vertices; chains feasible at all vertices: 6/6 (base); vertices covered by some chain: 8/8; |cost-form|=4.4e-16 |kappa-form|=4.4e-16  [OK]
  form [2, 2, 1, 2, 3, -1, -1]: 9 vertices; chains feasible at all vertices: 6/6 (base); vertices covered by some chain: 9/9; |cost-form|=2.2e-16 |kappa-form|=0.0e+00  [OK]
  form [2, 3, 1, 2, 3, -2, -1]: 7 vertices; chains feasible at all vertices: 8/8 (base); vertices covered by some chain: 7/7; |cost-form|=4.4e-16 |kappa-form|=1.1e-16  [OK]
  form [3, 1, 2, 2, 3, -2, -1]: 7 vertices; chains feasible at all vertices: 8/8 (base); vertices covered by some chain: 7/7; |cost-form|=4.4e-16 |kappa-form|=2.2e-16  [OK]
RESULT m=5 z=2 d=10: 212 chamber vertices; every chamber covered by a single chain feasible at all its vertices: True  (2s)
m=6 z=2 d=11: 34 exposed forms
  form [-3, -2, -1, 0, 0, 1, 4, 1]: 9 vertices; chains feasible at all vertices: 20/20 (base); vertices covered by some chain: 9/9; |cost-form|=4.4e-16 |kappa-form|=4.4e-16  [OK]
  form [-3, -2, -1, 0, 1, 1, 4, 0]: 8 vertices; chains feasible at all vertices: 20/20 (base); vertices covered by some chain: 8/8; |cost-form|=4.4e-16 |kappa-form|=4.4e-16  [OK]
  form [-3, -2, -1, 0, 1, 2, 4, -1]: 8 vertices; chains feasible at all vertices: 34/34 (base); vertices covered by some chain: 8/8; |cost-form|=4.4e-16 |kappa-form|=0.0e+00  [OK]
  form [-2, -1, -1, 0, 0, 1, 3, 2]: 10 vertices; chains feasible at all vertices: 13/13 (base); vertices covered by some chain: 10/10; |cost-form|=4.4e-16 |kappa-form|=6.7e-16  [OK]
  form [-2, -1, -1, 0, 1, 0, 2, 3]: 8 vertices; chains feasible at all vertices: 13/13 (base); vertices covered by some chain: 8/8; |cost-form|=0.0e+00 |kappa-form|=4.4e-16  [OK]
  form [-2, -1, 0, -1, 0, 1, 2, 3]: 8 vertices; chains feasible at all vertices: 13/13 (base); vertices covered by some chain: 8/8; |cost-form|=4.4e-16 |kappa-form|=4.4e-16  [OK]
  form [-2, -1, 0, 0, 1, 1, 3, 1]: 11 vertices; chains feasible at all vertices: 13/13 (base); vertices covered by some chain: 11/11; |cost-form|=2.2e-16 |kappa-form|=2.2e-16  [OK]
  form [-2, -1, 0, 1, 1, 1, 3, 0]: 8 vertices; chains feasible at all vertices: 10/10 (base); vertices covered by some chain: 8/8; |cost-form|=0.0e+00 |kappa-form|=2.2e-16  [OK]
  form [-2, -1, 0, 1, 2, 1, 3, -1]: 8 vertices; chains feasible at all vertices: 20/20 (base); vertices covered by some chain: 8/8; |cost-form|=2.2e-16 |kappa-form|=6.7e-16  [OK]
  form [-1, -2, -1, 0, 0, 1, 2, 3]: 8 vertices; chains feasible at all vertices: 13/13 (base); vertices covered by some chain: 8/8; |cost-form|=4.4e-16 |kappa-form|=2.2e-15  [OK]
  form [-1, -1, 0, 0, 1, 1, 2, 2]: 13 vertices; chains feasible at all vertices: 7/7 (base); vertices covered by some chain: 13/13; |cost-form|=2.2e-16 |kappa-form|=0.0e+00  [OK]
  form [-1, 0, 0, 1, 1, 1, 2, 1]: 11 vertices; chains feasible at all vertices: 5/5 (base); vertices covered by some chain: 11/11; |cost-form|=0.0e+00 |kappa-form|=1.3e-15  [OK]
  form [-1, 0, 0, 1, 1, 2, 1, 2]: 8 vertices; chains feasible at all vertices: 13/13 (base); vertices covered by some chain: 8/8; |cost-form|=0.0e+00 |kappa-form|=2.2e-16  [OK]
  form [-1, 0, 1, 0, 1, 1, 1, 2]: 9 vertices; chains feasible at all vertices: 5/5 (base); vertices covered by some chain: 9/9; |cost-form|=2.2e-16 |kappa-form|=0.0e+00  [OK]
  form [-1, 0, 1, 1, 1, 2, 2, 0]: 10 vertices; chains feasible at all vertices: 10/10 (base); vertices covered by some chain: 10/10; |cost-form|=2.2e-16 |kappa-form|=0.0e+00  [OK]
  form [-1, 0, 1, 2, 1, 2, 2, -1]: 8 vertices; chains feasible at all vertices: 13/13 (base); vertices covered by some chain: 8/8; |cost-form|=0.0e+00 |kappa-form|=0.0e+00  [OK]
  form [0, -1, 0, 1, 1, 1, 1, 2]: 9 vertices; chains feasible at all vertices: 5/5 (base); vertices covered by some chain: 9/9; |cost-form|=4.4e-16 |kappa-form|=1.1e-15  [OK]
  form [0, 0, 1, 1, 1, 2, 1, 1]: 13 vertices; chains feasible at all vertices: 5/5 (base); vertices covered by some chain: 13/13; |cost-form|=0.0e+00 |kappa-form|=2.2e-16  [OK]
  form [0, 1, 1, 1, 2, 2, 1, 0]: 12 vertices; chains feasible at all vertices: 5/5 (base); vertices covered by some chain: 12/12; |cost-form|=0.0e+00 |kappa-form|=4.4e-16  [OK]
  form [0, 1, 1, 2, 1, 2, 0, 1]: 9 vertices; chains feasible at all vertices: 5/5 (base); vertices covered by some chain: 9/9; |cost-form|=5.6e-16 |kappa-form|=6.7e-16  [OK]
  form [0, 1, 1, 2, 2, 3, 1, -1]: 8 vertices; chains feasible at all vertices: 13/13 (base); vertices covered by some chain: 8/8; |cost-form|=0.0e+00 |kappa-form|=4.4e-16  [OK]
  form [0, 1, 2, 1, 2, 2, 1, -1]: 8 vertices; chains feasible at all vertices: 5/5 (base); vertices covered by some chain: 8/8; |cost-form|=2.2e-16 |kappa-form|=0.0e+00  [OK]
  form [1, 0, 1, 1, 2, 2, 0, 1]: 10 vertices; chains feasible at all vertices: 5/5 (base); vertices covered by some chain: 10/10; |cost-form|=4.4e-16 |kappa-form|=0.0e+00  [OK]
  form [1, 1, 1, 2, 2, 2, 0, 0]: 10 vertices; chains feasible at all vertices: 1/1 (base); vertices covered by some chain: 10/10; |cost-form|=0.0e+00 |kappa-form|=2.2e-16  [OK]
  form [1, 1, 2, 2, 3, 2, 0, -1]: 9 vertices; chains feasible at all vertices: 5/5 (base); vertices covered by some chain: 9/9; |cost-form|=2.2e-16 |kappa-form|=2.2e-16  [OK]
  form [1, 1, 2, 3, 2, 2, -1, 0]: 11 vertices; chains feasible at all vertices: 5/5 (base); vertices covered by some chain: 11/11; |cost-form|=0.0e+00 |kappa-form|=0.0e+00  [OK]
  form [1, 2, 1, 2, 2, 3, 0, -1]: 9 vertices; chains feasible at all vertices: 5/5 (base); vertices covered by some chain: 9/9; |cost-form|=2.2e-16 |kappa-form|=2.2e-16  [OK]
  form [1, 2, 1, 2, 3, 2, -1, 0]: 9 vertices; chains feasible at all vertices: 5/5 (base); vertices covered by some chain: 9/9; |cost-form|=4.4e-16 |kappa-form|=0.0e+00  [OK]
  form [1, 2, 2, 3, 3, 2, -1, -1]: 11 vertices; chains feasible at all vertices: 5/5 (base); vertices covered by some chain: 11/11; |cost-form|=0.0e+00 |kappa-form|=2.2e-16  [OK]
  form [2, 1, 1, 2, 2, 3, -1, 0]: 11 vertices; chains feasible at all vertices: 5/5 (base); vertices covered by some chain: 11/11; |cost-form|=2.2e-16 |kappa-form|=0.0e+00  [OK]
  form [2, 1, 2, 3, 2, 3, -1, -1]: 9 vertices; chains feasible at all vertices: 5/5 (base); vertices covered by some chain: 9/9; |cost-form|=4.4e-16 |kappa-form|=1.4e-15  [OK]
  form [2, 2, 1, 2, 3, 3, -1, -1]: 11 vertices; chains feasible at all vertices: 5/5 (base); vertices covered by some chain: 11/11; |cost-form|=2.2e-16 |kappa-form|=1.1e-16  [OK]
  form [2, 3, 1, 2, 3, 3, -2, -1]: 8 vertices; chains feasible at all vertices: 5/5 (base); vertices covered by some chain: 8/8; |cost-form|=4.4e-16 |kappa-form|=5.6e-16  [OK]
  form [3, 1, 2, 2, 3, 3, -2, -1]: 8 vertices; chains feasible at all vertices: 5/5 (base); vertices covered by some chain: 8/8; |cost-form|=4.4e-16 |kappa-form|=1.3e-15  [OK]
RESULT m=6 z=2 d=11: 320 chamber vertices; every chamber covered by a single chain feasible at all its vertices: True  (5s)
m=7 z=2 d=12: 45 exposed forms
  form [-4, -3, -2, -1, 0, 0, 1, 5, 1]: 10 vertices; chains feasible at all vertices: 27/27 (base); vertices covered by some chain: 10/10; |cost-form|=0.0e+00 |kappa-form|=8.9e-16  [OK]
  form [-4, -3, -2, -1, 0, 1, 1, 5, 0]: 9 vertices; chains feasible at all vertices: 27/27 (base); vertices covered by some chain: 9/9; |cost-form|=4.4e-16 |kappa-form|=4.4e-16  [OK]
  form [-4, -3, -2, -1, 0, 1, 2, 5, -1]: 9 vertices; chains feasible at all vertices: 43/43 (base); vertices covered by some chain: 9/9; |cost-form|=0.0e+00 |kappa-form|=8.9e-16  [OK]
  form [-3, -2, -2, -1, -1, 0, 1, 3, 4]: 9 vertices; chains feasible at all vertices: 24/24 (base); vertices covered by some chain: 9/9; |cost-form|=0.0e+00 |kappa-form|=2.2e-15  [OK]
  form [-3, -2, -1, -1, 0, 0, 1, 4, 2]: 11 vertices; chains feasible at all vertices: 19/19 (base); vertices covered by some chain: 11/11; |cost-form|=0.0e+00 |kappa-form|=1.8e-15  [OK]
  form [-3, -2, -1, 0, 0, 1, 1, 4, 1]: 12 vertices; chains feasible at all vertices: 19/19 (base); vertices covered by some chain: 12/12; |cost-form|=4.4e-16 |kappa-form|=4.4e-16  [OK]
  form [-3, -2, -1, 0, 1, 1, 1, 4, 0]: 9 vertices; chains feasible at all vertices: 15/15 (base); vertices covered by some chain: 9/9; |cost-form|=0.0e+00 |kappa-form|=1.8e-15  [OK]
  form [-3, -2, -1, 0, 1, 2, 1, 4, -1]: 9 vertices; chains feasible at all vertices: 27/27 (base); vertices covered by some chain: 9/9; |cost-form|=4.4e-16 |kappa-form|=1.3e-15  [OK]
  form [-2, -2, -1, -1, 0, 0, 1, 3, 3]: 14 vertices; chains feasible at all vertices: 12/12 (base); vertices covered by some chain: 14/14; |cost-form|=0.0e+00 |kappa-form|=2.2e-15  [OK]
  form [-2, -1, -1, 0, 0, 1, 1, 3, 2]: 13 vertices; chains feasible at all vertices: 12/12 (base); vertices covered by some chain: 13/13; |cost-form|=4.4e-16 |kappa-form|=0.0e+00  [OK]
  form [-2, -1, -1, 0, 1, 0, 1, 2, 3]: 10 vertices; chains feasible at all vertices: 12/12 (base); vertices covered by some chain: 10/10; |cost-form|=2.2e-16 |kappa-form|=2.9e-15  [OK]
  form [-2, -1, 0, -1, 0, 1, 1, 2, 3]: 10 vertices; chains feasible at all vertices: 12/12 (base); vertices covered by some chain: 10/10; |cost-form|=0.0e+00 |kappa-form|=1.3e-15  [OK]
  form [-2, -1, 0, 0, 1, 1, 1, 3, 1]: 12 vertices; chains feasible at all vertices: 9/9 (base); vertices covered by some chain: 12/12; |cost-form|=4.4e-16 |kappa-form|=2.2e-16  [OK]
  form [-2, -1, 0, 1, 1, 1, 2, 3, 0]: 11 vertices; chains feasible at all vertices: 15/15 (base); vertices covered by some chain: 11/11; |cost-form|=4.4e-16 |kappa-form|=4.4e-16  [OK]
  form [-2, -1, 0, 1, 2, 1, 2, 3, -1]: 9 vertices; chains feasible at all vertices: 19/19 (base); vertices covered by some chain: 9/9; |cost-form|=4.4e-16 |kappa-form|=8.9e-16  [OK]
  form [-1, -2, -1, 0, 0, 1, 1, 2, 3]: 10 vertices; chains feasible at all vertices: 12/12 (base); vertices covered by some chain: 10/10; |cost-form|=0.0e+00 |kappa-form|=0.0e+00  [OK]
  form [-1, -1, 0, 0, 1, 1, 1, 2, 2]: 14 vertices; chains feasible at all vertices: 4/4 (base); vertices covered by some chain: 14/14; |cost-form|=2.2e-16 |kappa-form|=4.4e-16  [OK]
  form [-1, 0, 0, 1, 1, 1, 2, 2, 1]: 14 vertices; chains feasible at all vertices: 9/9 (base); vertices covered by some chain: 14/14; |cost-form|=2.2e-16 |kappa-form|=2.2e-16  [OK]
  form [-1, 0, 0, 1, 1, 2, 1, 1, 2]: 9 vertices; chains feasible at all vertices: 9/9 (base); vertices covered by some chain: 9/9; |cost-form|=2.2e-16 |kappa-form|=8.9e-16  [OK]
  form [-1, 0, 1, 0, 1, 1, 2, 1, 2]: 10 vertices; chains feasible at all vertices: 9/9 (base); vertices covered by some chain: 10/10; |cost-form|=4.4e-16 |kappa-form|=1.1e-15  [OK]
  form [-1, 0, 1, 1, 1, 2, 2, 2, 0]: 13 vertices; chains feasible at all vertices: 9/9 (base); vertices covered by some chain: 13/13; |cost-form|=2.2e-16 |kappa-form|=1.3e-15  [OK]
  form [-1, 0, 1, 1, 2, 2, 3, 2, -1]: 9 vertices; chains feasible at all vertices: 19/19 (base); vertices covered by some chain: 9/9; |cost-form|=0.0e+00 |kappa-form|=8.9e-16  [OK]
  form [-1, 0, 1, 2, 1, 2, 2, 2, -1]: 9 vertices; chains feasible at all vertices: 9/9 (base); vertices covered by some chain: 9/9; |cost-form|=0.0e+00 |kappa-form|=0.0e+00  [OK]
  form [0, -1, 0, 1, 1, 1, 2, 1, 2]: 11 vertices; chains feasible at all vertices: 9/9 (base); vertices covered by some chain: 11/11; |cost-form|=0.0e+00 |kappa-form|=2.2e-16  [OK]
  form [0, 0, 1, 1, 1, 2, 2, 1, 1]: 17 vertices; chains feasible at all vertices: 4/4 (base); vertices covered by some chain: 17/17; |cost-form|=0.0e+00 |kappa-form|=0.0e+00  [OK]
  form [0, 1, 1, 1, 2, 2, 2, 1, 0]: 13 vertices; chains feasible at all vertices: 3/3 (base); vertices covered by some chain: 13/13; |cost-form|=0.0e+00 |kappa-form|=0.0e+00  [OK]
  form [0, 1, 1, 1, 2, 2, 3, 0, 1]: 11 vertices; chains feasible at all vertices: 9/9 (base); vertices covered by some chain: 11/11; |cost-form|=0.0e+00 |kappa-form|=0.0e+00  [OK]
  form [0, 1, 1, 2, 1, 2, 2, 0, 1]: 10 vertices; chains feasible at all vertices: 3/3 (base); vertices covered by some chain: 10/10; |cost-form|=0.0e+00 |kappa-form|=4.4e-16  [OK]
  form [0, 1, 1, 2, 2, 3, 2, 1, -1]: 9 vertices; chains feasible at all vertices: 9/9 (base); vertices covered by some chain: 9/9; |cost-form|=2.2e-16 |kappa-form|=6.7e-16  [OK]
  form [0, 1, 2, 1, 2, 2, 3, 1, -1]: 9 vertices; chains feasible at all vertices: 9/9 (base); vertices covered by some chain: 9/9; |cost-form|=8.9e-16 |kappa-form|=1.1e-15  [OK]
  form [1, 0, 1, 1, 2, 2, 2, 0, 1]: 11 vertices; chains feasible at all vertices: 3/3 (base); vertices covered by some chain: 11/11; |cost-form|=0.0e+00 |kappa-form|=4.4e-16  [OK]
  form [1, 1, 1, 2, 2, 2, 3, 0, 0]: 16 vertices; chains feasible at all vertices: 3/3 (base); vertices covered by some chain: 16/16; |cost-form|=0.0e+00 |kappa-form|=0.0e+00  [OK]
  form [1, 1, 2, 2, 2, 3, 4, -1, 0]: 12 vertices; chains feasible at all vertices: 4/9 (zeros needed: {b2,b3} {b1,a1,a2} {a3,a4,a5} {a6,0} {a7}); vertices covered by some chain: 12/12; |cost-form|=2.2e-16 |kappa-form|=6.7e-16  [OK]
  form [1, 1, 2, 2, 3, 2, 3, 0, -1]: 11 vertices; chains feasible at all vertices: 4/4 (base); vertices covered by some chain: 11/11; |cost-form|=0.0e+00 |kappa-form|=6.7e-16  [OK]
  form [1, 1, 2, 3, 2, 2, 3, -1, 0]: 15 vertices; chains feasible at all vertices: 4/4 (base); vertices covered by some chain: 15/15; |cost-form|=2.2e-16 |kappa-form|=0.0e+00  [OK]
  form [1, 2, 1, 2, 2, 3, 3, 0, -1]: 11 vertices; chains feasible at all vertices: 4/4 (base); vertices covered by some chain: 11/11; |cost-form|=0.0e+00 |kappa-form|=0.0e+00  [OK]
  form [1, 2, 1, 2, 3, 2, 3, -1, 0]: 11 vertices; chains feasible at all vertices: 4/4 (base); vertices covered by some chain: 11/11; |cost-form|=1.2e-15 |kappa-form|=1.9e-15  [OK]
  form [1, 2, 2, 3, 2, 3, 4, -1, -1]: 11 vertices; chains feasible at all vertices: 9/9 (base); vertices covered by some chain: 11/11; |cost-form|=2.2e-16 |kappa-form|=2.2e-16  [OK]
  form [1, 2, 2, 3, 3, 2, 3, -1, -1]: 12 vertices; chains feasible at all vertices: 3/3 (base); vertices covered by some chain: 12/12; |cost-form|=2.2e-16 |kappa-form|=2.2e-16  [OK]
  form [2, 1, 1, 2, 2, 3, 3, -1, 0]: 15 vertices; chains feasible at all vertices: 4/4 (base); vertices covered by some chain: 15/15; |cost-form|=4.4e-16 |kappa-form|=0.0e+00  [OK]
  form [2, 1, 2, 2, 3, 3, 4, -1, -1]: 11 vertices; chains feasible at all vertices: 9/9 (base); vertices covered by some chain: 11/11; |cost-form|=4.4e-16 |kappa-form|=4.4e-16  [OK]
  form [2, 1, 2, 3, 2, 3, 3, -1, -1]: 10 vertices; chains feasible at all vertices: 3/3 (base); vertices covered by some chain: 10/10; |cost-form|=0.0e+00 |kappa-form|=0.0e+00  [OK]
  form [2, 2, 1, 2, 3, 3, 3, -1, -1]: 12 vertices; chains feasible at all vertices: 3/3 (base); vertices covered by some chain: 12/12; |cost-form|=4.4e-16 |kappa-form|=4.4e-16  [OK]
  form [2, 3, 1, 2, 3, 3, 4, -2, -1]: 9 vertices; chains feasible at all vertices: 9/9 (base); vertices covered by some chain: 9/9; |cost-form|=2.2e-16 |kappa-form|=1.8e-15  [OK]
  form [3, 1, 2, 2, 3, 3, 4, -2, -1]: 9 vertices; chains feasible at all vertices: 9/9 (base); vertices covered by some chain: 9/9; |cost-form|=4.4e-16 |kappa-form|=0.0e+00  [OK]
RESULT m=7 z=2 d=12: 501 chamber vertices; every chamber covered by a single chain feasible at all its vertices: True  (7s)
m=8 z=2 d=13: 59 exposed forms
  form [-5, -4, -3, -2, -1, 0, 0, 1, 6, 1]: 11 vertices; chains feasible at all vertices: 35/35 (base); vertices covered by some chain: 11/11; |cost-form|=4.4e-16 |kappa-form|=4.4e-16  [OK]
  form [-5, -4, -3, -2, -1, 0, 1, 1, 6, 0]: 10 vertices; chains feasible at all vertices: 35/35 (base); vertices covered by some chain: 10/10; |cost-form|=8.9e-16 |kappa-form|=0.0e+00  [OK]
  form [-5, -4, -3, -2, -1, 0, 1, 2, 6, -1]: 10 vertices; chains feasible at all vertices: 53/53 (base); vertices covered by some chain: 10/10; |cost-form|=0.0e+00 |kappa-form|=0.0e+00  [OK]
  form [-4, -3, -2, -1, -1, 0, 0, 1, 5, 2]: 12 vertices; chains feasible at all vertices: 26/26 (base); vertices covered by some chain: 12/12; |cost-form|=4.4e-16 |kappa-form|=4.4e-16  [OK]
  form [-4, -3, -2, -1, 0, 0, 1, 1, 5, 1]: 13 vertices; chains feasible at all vertices: 26/26 (base); vertices covered by some chain: 13/13; |cost-form|=4.4e-16 |kappa-form|=2.7e-15  [OK]
  form [-4, -3, -2, -1, 0, 1, 1, 1, 5, 0]: 10 vertices; chains feasible at all vertices: 21/21 (base); vertices covered by some chain: 10/10; |cost-form|=1.3e-15 |kappa-form|=2.2e-15  [OK]
  form [-4, -3, -2, -1, 0, 1, 2, 1, 5, -1]: 10 vertices; chains feasible at all vertices: 35/35 (base); vertices covered by some chain: 10/10; |cost-form|=8.9e-16 |kappa-form|=0.0e+00  [OK]
  form [-3, -2, -2, -1, -1, 0, 0, 1, 4, 3]: 13 vertices; chains feasible at all vertices: 18/18 (base); vertices covered by some chain: 13/13; |cost-form|=0.0e+00 |kappa-form|=4.4e-16  [OK]
  form [-3, -2, -2, -1, -1, 0, 1, 0, 3, 4]: 10 vertices; chains feasible at all vertices: 18/18 (base); vertices covered by some chain: 10/10; |cost-form|=0.0e+00 |kappa-form|=8.9e-16  [OK]
  form [-3, -2, -2, -1, 0, -1, 0, 1, 3, 4]: 10 vertices; chains feasible at all vertices: 18/18 (base); vertices covered by some chain: 10/10; |cost-form|=8.9e-16 |kappa-form|=4.4e-16  [OK]
  form [-3, -2, -1, -2, -1, 0, 0, 1, 3, 4]: 10 vertices; chains feasible at all vertices: 18/18 (base); vertices covered by some chain: 10/10; |cost-form|=0.0e+00 |kappa-form|=4.4e-16  [OK]
  form [-3, -2, -1, -1, 0, 0, 1, 1, 4, 2]: 14 vertices; chains feasible at all vertices: 18/18 (base); vertices covered by some chain: 14/14; |cost-form|=0.0e+00 |kappa-form|=4.4e-16  [OK]
  form [-3, -2, -1, 0, 0, 1, 1, 1, 4, 1]: 13 vertices; chains feasible at all vertices: 14/14 (base); vertices covered by some chain: 13/13; |cost-form|=4.4e-16 |kappa-form|=8.9e-16  [OK]
  form [-3, -2, -1, 0, 1, 1, 1, 2, 4, 0]: 12 vertices; chains feasible at all vertices: 21/21 (base); vertices covered by some chain: 12/12; |cost-form|=0.0e+00 |kappa-form|=1.8e-15  [OK]
  form [-3, -2, -1, 0, 1, 2, 1, 2, 4, -1]: 10 vertices; chains feasible at all vertices: 26/26 (base); vertices covered by some chain: 10/10; |cost-form|=4.4e-16 |kappa-form|=1.3e-15  [OK]
  form [-2, -3, -2, -1, -1, 0, 0, 1, 3, 4]: 10 vertices; chains feasible at all vertices: 18/18 (base); vertices covered by some chain: 10/10; |cost-form|=0.0e+00 |kappa-form|=2.0e-15  [OK]
  form [-2, -2, -1, -1, 0, 0, 1, 1, 3, 3]: 19 vertices; chains feasible at all vertices: 11/11 (base); vertices covered by some chain: 19/19; |cost-form|=0.0e+00 |kappa-form|=4.4e-16  [OK]
  form [-2, -1, -1, 0, 0, 1, 1, 1, 3, 2]: 14 vertices; chains feasible at all vertices: 8/8 (base); vertices covered by some chain: 14/14; |cost-form|=4.4e-16 |kappa-form|=2.2e-16  [OK]
  form [-2, -1, -1, 0, 0, 1, 1, 2, 2, 3]: 10 vertices; chains feasible at all vertices: 18/18 (base); vertices covered by some chain: 10/10; |cost-form|=0.0e+00 |kappa-form|=0.0e+00  [OK]
  form [-2, -1, -1, 0, 1, 0, 1, 1, 2, 3]: 11 vertices; chains feasible at all vertices: 8/8 (base); vertices covered by some chain: 11/11; |cost-form|=2.2e-16 |kappa-form|=4.4e-16  [OK]
  form [-2, -1, 0, -1, 0, 1, 1, 1, 2, 3]: 11 vertices; chains feasible at all vertices: 8/8 (base); vertices covered by some chain: 11/11; |cost-form|=0.0e+00 |kappa-form|=4.4e-16  [OK]
  form [-2, -1, 0, 0, 1, 1, 1, 2, 3, 1]: 15 vertices; chains feasible at all vertices: 14/14 (base); vertices covered by some chain: 15/15; |cost-form|=0.0e+00 |kappa-form|=4.4e-16  [OK]
  form [-2, -1, 0, 1, 1, 1, 2, 2, 3, 0]: 14 vertices; chains feasible at all vertices: 14/14 (base); vertices covered by some chain: 14/14; |cost-form|=0.0e+00 |kappa-form|=4.4e-16  [OK]
  form [-2, -1, 0, 1, 1, 2, 2, 3, 3, -1]: 10 vertices; chains feasible at all vertices: 26/26 (base); vertices covered by some chain: 10/10; |cost-form|=0.0e+00 |kappa-form|=0.0e+00  [OK]
  form [-2, -1, 0, 1, 2, 1, 2, 2, 3, -1]: 10 vertices; chains feasible at all vertices: 14/14 (base); vertices covered by some chain: 10/10; |cost-form|=4.4e-16 |kappa-form|=8.9e-16  [OK]
  form [-1, -2, -1, 0, 0, 1, 1, 1, 2, 3]: 11 vertices; chains feasible at all vertices: 8/8 (base); vertices covered by some chain: 11/11; |cost-form|=0.0e+00 |kappa-form|=1.3e-15  [OK]
  form [-1, -1, 0, 0, 1, 1, 1, 2, 2, 2]: 19 vertices; chains feasible at all vertices: 8/8 (base); vertices covered by some chain: 19/19; |cost-form|=2.2e-16 |kappa-form|=4.4e-16  [OK]
  form [-1, 0, 0, 1, 1, 1, 2, 2, 2, 1]: 17 vertices; chains feasible at all vertices: 8/8 (base); vertices covered by some chain: 17/17; |cost-form|=6.7e-16 |kappa-form|=1.6e-15  [OK]
  form [-1, 0, 0, 1, 1, 2, 1, 2, 1, 2]: 10 vertices; chains feasible at all vertices: 8/8 (base); vertices covered by some chain: 10/10; |cost-form|=0.0e+00 |kappa-form|=0.0e+00  [OK]
  form [-1, 0, 1, 0, 1, 1, 2, 2, 1, 2]: 12 vertices; chains feasible at all vertices: 8/8 (base); vertices covered by some chain: 12/12; |cost-form|=0.0e+00 |kappa-form|=0.0e+00  [OK]
  form [-1, 0, 1, 1, 1, 2, 2, 2, 2, 0]: 14 vertices; chains feasible at all vertices: 6/6 (base); vertices covered by some chain: 14/14; |cost-form|=0.0e+00 |kappa-form|=1.1e-15  [OK]
  form [-1, 0, 1, 1, 2, 2, 3, 2, 2, -1]: 10 vertices; chains feasible at all vertices: 14/14 (base); vertices covered by some chain: 10/10; |cost-form|=4.4e-16 |kappa-form|=4.4e-16  [OK]
  form [-1, 0, 1, 2, 1, 2, 2, 3, 2, -1]: 10 vertices; chains feasible at all vertices: 14/14 (base); vertices covered by some chain: 10/10; |cost-form|=0.0e+00 |kappa-form|=4.4e-16  [OK]
  form [0, -1, 0, 1, 1, 1, 2, 2, 1, 2]: 13 vertices; chains feasible at all vertices: 8/8 (base); vertices covered by some chain: 13/13; |cost-form|=0.0e+00 |kappa-form|=0.0e+00  [OK]
  form [0, 0, 1, 1, 1, 2, 2, 2, 1, 1]: 18 vertices; chains feasible at all vertices: 2/2 (base); vertices covered by some chain: 18/18; |cost-form|=2.2e-16 |kappa-form|=2.2e-16  [OK]
  form [0, 1, 1, 1, 2, 2, 2, 3, 1, 0]: 17 vertices; chains feasible at all vertices: 6/6 (base); vertices covered by some chain: 17/17; |cost-form|=6.7e-16 |kappa-form|=0.0e+00  [OK]
  form [0, 1, 1, 1, 2, 2, 3, 2, 0, 1]: 12 vertices; chains feasible at all vertices: 6/6 (base); vertices covered by some chain: 12/12; |cost-form|=2.2e-16 |kappa-form|=6.7e-16  [OK]
  form [0, 1, 1, 2, 1, 2, 2, 3, 0, 1]: 12 vertices; chains feasible at all vertices: 6/6 (base); vertices covered by some chain: 12/12; |cost-form|=0.0e+00 |kappa-form|=0.0e+00  [OK]
  form [0, 1, 1, 2, 2, 3, 2, 3, 1, -1]: 10 vertices; chains feasible at all vertices: 8/8 (base); vertices covered by some chain: 10/10; |cost-form|=2.2e-16 |kappa-form|=1.1e-15  [OK]
  form [0, 1, 2, 1, 2, 2, 3, 3, 1, -1]: 10 vertices; chains feasible at all vertices: 8/8 (base); vertices covered by some chain: 10/10; |cost-form|=4.4e-16 |kappa-form|=1.3e-15  [OK]
  form [1, 0, 1, 1, 2, 2, 2, 3, 0, 1]: 13 vertices; chains feasible at all vertices: 6/6 (base); vertices covered by some chain: 13/13; |cost-form|=2.2e-16 |kappa-form|=4.4e-16  [OK]
  form [1, 1, 1, 2, 2, 2, 3, 3, 0, 0]: 22 vertices; chains feasible at all vertices: 2/2 (base); vertices covered by some chain: 22/22; |cost-form|=6.7e-16 |kappa-form|=1.3e-15  [OK]
  form [1, 1, 2, 2, 2, 3, 3, 4, 0, -1]: 12 vertices; chains feasible at all vertices: 8/8 (base); vertices covered by some chain: 12/12; |cost-form|=6.7e-16 |kappa-form|=6.7e-16  [OK]
  form [1, 1, 2, 2, 2, 3, 4, 3, -1, 0]: 16 vertices; chains feasible at all vertices: 8/8 (base); vertices covered by some chain: 16/16; |cost-form|=2.2e-16 |kappa-form|=2.2e-16  [OK]
  form [1, 1, 2, 2, 3, 2, 3, 3, 0, -1]: 12 vertices; chains feasible at all vertices: 2/2 (base); vertices covered by some chain: 12/12; |cost-form|=2.2e-16 |kappa-form|=6.7e-16  [OK]
  form [1, 1, 2, 2, 3, 2, 3, 4, -1, 0]: 12 vertices; chains feasible at all vertices: 8/8 (base); vertices covered by some chain: 12/12; |cost-form|=1.1e-15 |kappa-form|=2.9e-15  [OK]
  form [1, 1, 2, 3, 2, 2, 3, 3, -1, 0]: 16 vertices; chains feasible at all vertices: 2/2 (base); vertices covered by some chain: 16/16; |cost-form|=0.0e+00 |kappa-form|=2.2e-16  [OK]
  form [1, 2, 1, 2, 2, 3, 3, 3, 0, -1]: 12 vertices; chains feasible at all vertices: 2/2 (base); vertices covered by some chain: 12/12; |cost-form|=8.9e-16 |kappa-form|=0.0e+00  [OK]
  form [1, 2, 1, 2, 2, 3, 3, 4, -1, 0]: 12 vertices; chains feasible at all vertices: 8/8 (base); vertices covered by some chain: 12/12; |cost-form|=1.0e-15 |kappa-form|=1.4e-15  [OK]
  form [1, 2, 1, 2, 3, 2, 3, 3, -1, 0]: 12 vertices; chains feasible at all vertices: 2/2 (base); vertices covered by some chain: 12/12; |cost-form|=3.3e-16 |kappa-form|=1.4e-15  [OK]
  form [1, 2, 2, 2, 3, 3, 4, 4, -1, -1]: 16 vertices; chains feasible at all vertices: 3/8 (zeros needed: {b3} {b1,b2,a1} {a2,a3,a4} {a5,a6,0} {a7,a8}); vertices covered by some chain: 16/16; |cost-form|=0.0e+00 |kappa-form|=0.0e+00  [OK]
  form [1, 2, 2, 3, 2, 3, 4, 3, -1, -1]: 12 vertices; chains feasible at all vertices: 6/6 (base); vertices covered by some chain: 12/12; |cost-form|=2.2e-16 |kappa-form|=2.4e-15  [OK]
  form [1, 2, 2, 3, 3, 2, 3, 4, -1, -1]: 16 vertices; chains feasible at all vertices: 6/6 (base); vertices covered by some chain: 16/16; |cost-form|=0.0e+00 |kappa-form|=4.4e-16  [OK]
  form [2, 1, 1, 2, 2, 3, 3, 3, -1, 0]: 16 vertices; chains feasible at all vertices: 2/2 (base); vertices covered by some chain: 16/16; |cost-form|=0.0e+00 |kappa-form|=0.0e+00  [OK]
  form [2, 1, 2, 2, 3, 3, 4, 3, -1, -1]: 12 vertices; chains feasible at all vertices: 6/6 (base); vertices covered by some chain: 12/12; |cost-form|=3.3e-16 |kappa-form|=5.6e-15  [OK]
  form [2, 1, 2, 3, 2, 3, 3, 4, -1, -1]: 12 vertices; chains feasible at all vertices: 6/6 (base); vertices covered by some chain: 12/12; |cost-form|=4.4e-16 |kappa-form|=4.4e-16  [OK]
  form [2, 2, 1, 2, 3, 3, 3, 4, -1, -1]: 16 vertices; chains feasible at all vertices: 6/6 (base); vertices covered by some chain: 16/16; |cost-form|=2.2e-16 |kappa-form|=2.2e-16  [OK]
  form [2, 3, 1, 2, 3, 3, 4, 4, -2, -1]: 10 vertices; chains feasible at all vertices: 8/8 (base); vertices covered by some chain: 10/10; |cost-form|=1.9e-15 |kappa-form|=2.4e-15  [OK]
  form [3, 1, 2, 2, 3, 3, 4, 4, -2, -1]: 10 vertices; chains feasible at all vertices: 8/8 (base); vertices covered by some chain: 10/10; |cost-form|=1.3e-15 |kappa-form|=1.3e-15  [OK]
RESULT m=8 z=2 d=13: 746 chamber vertices; every chamber covered by a single chain feasible at all its vertices: True  (14s)
m=9 z=2 d=14: 69 exposed forms
  form [-6, -5, -4, -3, -2, -1, 0, 0, 1, 7, 1]: 12 vertices; chains feasible at all vertices: 44/44 (base); vertices covered by some chain: 12/12; |cost-form|=4.4e-16 |kappa-form|=4.4e-16  [OK]
  form [-6, -5, -4, -3, -2, -1, 0, 1, 1, 7, 0]: 11 vertices; chains feasible at all vertices: 44/44 (base); vertices covered by some chain: 11/11; |cost-form|=0.0e+00 |kappa-form|=0.0e+00  [OK]
  form [-6, -5, -4, -3, -2, -1, 0, 1, 2, 7, -1]: 11 vertices; chains feasible at all vertices: 64/64 (base); vertices covered by some chain: 11/11; |cost-form|=0.0e+00 |kappa-form|=0.0e+00  [OK]
  form [-5, -4, -3, -2, -1, -1, 0, 0, 1, 6, 2]: 13 vertices; chains feasible at all vertices: 34/34 (base); vertices covered by some chain: 13/13; |cost-form|=8.9e-16 |kappa-form|=0.0e+00  [OK]
  form [-5, -4, -3, -2, -1, 0, 0, 1, 1, 6, 1]: 14 vertices; chains feasible at all vertices: 34/34 (base); vertices covered by some chain: 14/14; |cost-form|=4.4e-16 |kappa-form|=8.9e-16  [OK]
  form [-5, -4, -3, -2, -1, 0, 1, 1, 1, 6, 0]: 11 vertices; chains feasible at all vertices: 28/28 (base); vertices covered by some chain: 11/11; |cost-form|=0.0e+00 |kappa-form|=0.0e+00  [OK]
  form [-5, -4, -3, -2, -1, 0, 1, 2, 1, 6, -1]: 11 vertices; chains feasible at all vertices: 44/44 (base); vertices covered by some chain: 11/11; |cost-form|=4.4e-16 |kappa-form|=8.9e-16  [OK]
  form [-4, -3, -3, -2, -2, -1, -1, 0, 1, 4, 5]: 11 vertices; chains feasible at all vertices: 31/31 (base); vertices covered by some chain: 11/11; |cost-form|=0.0e+00 |kappa-form|=2.2e-15  [OK]
  form [-4, -3, -2, -2, -1, -1, 0, 0, 1, 5, 3]: 14 vertices; chains feasible at all vertices: 25/25 (base); vertices covered by some chain: 14/14; |cost-form|=8.9e-16 |kappa-form|=1.3e-15  [OK]
  form [-4, -3, -2, -1, -1, 0, 0, 1, 1, 5, 2]: 15 vertices; chains feasible at all vertices: 25/25 (base); vertices covered by some chain: 15/15; |cost-form|=0.0e+00 |kappa-form|=4.4e-16  [OK]
  form [-4, -3, -2, -1, 0, 0, 1, 1, 1, 5, 1]: 14 vertices; chains feasible at all vertices: 20/20 (base); vertices covered by some chain: 14/14; |cost-form|=4.4e-16 |kappa-form|=4.4e-16  [OK]
  form [-4, -3, -2, -1, 0, 1, 1, 1, 2, 5, 0]: 13 vertices; chains feasible at all vertices: 28/28 (base); vertices covered by some chain: 13/13; |cost-form|=8.9e-16 |kappa-form|=0.0e+00  [OK]
  form [-4, -3, -2, -1, 0, 1, 2, 1, 2, 5, -1]: 11 vertices; chains feasible at all vertices: 34/34 (base); vertices covered by some chain: 11/11; |cost-form|=8.9e-16 |kappa-form|=2.2e-15  [OK]
  form [-3, -3, -2, -2, -1, -1, 0, 0, 1, 4, 4]: 20 vertices; chains feasible at all vertices: 17/17 (base); vertices covered by some chain: 20/20; |cost-form|=0.0e+00 |kappa-form|=1.3e-15  [OK]
  form [-3, -2, -2, -1, -1, 0, 0, 1, 1, 4, 3]: 16 vertices; chains feasible at all vertices: 17/17 (base); vertices covered by some chain: 16/16; |cost-form|=0.0e+00 |kappa-form|=0.0e+00  [OK]
  form [-3, -2, -2, -1, -1, 0, 1, 0, 1, 3, 4]: 12 vertices; chains feasible at all vertices: 17/17 (base); vertices covered by some chain: 12/12; |cost-form|=0.0e+00 |kappa-form|=4.9e-15  [OK]
  form [-3, -2, -2, -1, 0, -1, 0, 1, 1, 3, 4]: 12 vertices; chains feasible at all vertices: 17/17 (base); vertices covered by some chain: 12/12; |cost-form|=0.0e+00 |kappa-form|=0.0e+00  [OK]
  form [-3, -2, -1, -2, -1, 0, 0, 1, 1, 3, 4]: 12 vertices; chains feasible at all vertices: 17/17 (base); vertices covered by some chain: 12/12; |cost-form|=4.4e-16 |kappa-form|=4.4e-16  [OK]
  form [-3, -2, -1, -1, 0, 0, 1, 1, 1, 4, 2]: 15 vertices; chains feasible at all vertices: 13/13 (base); vertices covered by some chain: 15/15; |cost-form|=0.0e+00 |kappa-form|=0.0e+00  [OK]
  form [-3, -2, -1, 0, 0, 1, 1, 1, 2, 4, 1]: 16 vertices; chains feasible at all vertices: 20/20 (base); vertices covered by some chain: 16/16; |cost-form|=0.0e+00 |kappa-form|=1.8e-15  [OK]
  form [-3, -2, -1, 0, 1, 1, 1, 2, 2, 4, 0]: 15 vertices; chains feasible at all vertices: 20/20 (base); vertices covered by some chain: 15/15; |cost-form|=4.4e-16 |kappa-form|=0.0e+00  [OK]
  form [-3, -2, -1, 0, 1, 1, 2, 2, 3, 4, -1]: 11 vertices; chains feasible at all vertices: 34/34 (base); vertices covered by some chain: 11/11; |cost-form|=8.9e-16 |kappa-form|=8.9e-16  [OK]
  form [-3, -2, -1, 0, 1, 2, 1, 2, 2, 4, -1]: 11 vertices; chains feasible at all vertices: 20/20 (base); vertices covered by some chain: 11/11; |cost-form|=8.9e-16 |kappa-form|=1.3e-15  [OK]
  form [-2, -3, -2, -1, -1, 0, 0, 1, 1, 3, 4]: 12 vertices; chains feasible at all vertices: 17/17 (base); vertices covered by some chain: 12/12; |cost-form|=0.0e+00 |kappa-form|=1.3e-15  [OK]
  form [-2, -2, -1, -1, 0, 0, 1, 1, 1, 3, 3]: 20 vertices; chains feasible at all vertices: 7/7 (base); vertices covered by some chain: 20/20; |cost-form|=0.0e+00 |kappa-form|=0.0e+00  [OK]
  form [-2, -1, -1, 0, 0, 1, 1, 1, 2, 3, 2]: 17 vertices; chains feasible at all vertices: 13/13 (base); vertices covered by some chain: 17/17; |cost-form|=4.4e-16 |kappa-form|=0.0e+00  [OK]
  form [-2, -1, -1, 0, 0, 1, 1, 2, 1, 2, 3]: 11 vertices; chains feasible at all vertices: 13/13 (base); vertices covered by some chain: 11/11; |cost-form|=0.0e+00 |kappa-form|=8.9e-16  [OK]
  form [-2, -1, -1, 0, 1, 0, 1, 1, 2, 2, 3]: 12 vertices; chains feasible at all vertices: 13/13 (base); vertices covered by some chain: 12/12; |cost-form|=0.0e+00 |kappa-form|=1.3e-15  [OK]
  form [-2, -1, 0, -1, 0, 1, 1, 1, 2, 2, 3]: 13 vertices; chains feasible at all vertices: 13/13 (base); vertices covered by some chain: 13/13; |cost-form|=4.4e-16 |kappa-form|=4.4e-16  [OK]
  form [-2, -1, 0, 0, 1, 1, 1, 2, 2, 3, 1]: 18 vertices; chains feasible at all vertices: 13/13 (base); vertices covered by some chain: 18/18; |cost-form|=4.4e-16 |kappa-form|=4.4e-16  [OK]
  form [-2, -1, 0, 1, 1, 1, 2, 2, 2, 3, 0]: 15 vertices; chains feasible at all vertices: 10/10 (base); vertices covered by some chain: 15/15; |cost-form|=2.2e-16 |kappa-form|=1.1e-15  [OK]
  form [-2, -1, 0, 1, 1, 2, 2, 3, 2, 3, -1]: 11 vertices; chains feasible at all vertices: 20/20 (base); vertices covered by some chain: 11/11; |cost-form|=0.0e+00 |kappa-form|=0.0e+00  [OK]
  form [-2, -1, 0, 1, 2, 1, 2, 2, 3, 3, -1]: 11 vertices; chains feasible at all vertices: 20/20 (base); vertices covered by some chain: 11/11; |cost-form|=0.0e+00 |kappa-form|=0.0e+00  [OK]
  form [-1, -2, -1, 0, 0, 1, 1, 1, 2, 2, 3]: 13 vertices; chains feasible at all vertices: 13/13 (base); vertices covered by some chain: 13/13; |cost-form|=4.4e-16 |kappa-form|=4.4e-16  [OK]
  form [-1, -1, 0, 0, 1, 1, 1, 2, 2, 2, 2]: 24 vertices; chains feasible at all vertices: 7/7 (base); vertices covered by some chain: 24/24; |cost-form|=4.4e-16 |kappa-form|=0.0e+00  [OK]
  form [-1, 0, 0, 1, 1, 1, 2, 2, 2, 2, 1]: 18 vertices; chains feasible at all vertices: 5/5 (base); vertices covered by some chain: 18/18; |cost-form|=0.0e+00 |kappa-form|=2.2e-16  [OK]
  form [-1, 0, 0, 1, 1, 1, 2, 2, 3, 1, 2]: 11 vertices; chains feasible at all vertices: 13/13 (base); vertices covered by some chain: 11/11; |cost-form|=0.0e+00 |kappa-form|=0.0e+00  [OK]
  form [-1, 0, 0, 1, 1, 2, 1, 2, 2, 1, 2]: 11 vertices; chains feasible at all vertices: 5/5 (base); vertices covered by some chain: 11/11; |cost-form|=2.2e-16 |kappa-form|=2.2e-16  [OK]
  form [-1, 0, 1, 0, 1, 1, 2, 2, 2, 1, 2]: 13 vertices; chains feasible at all vertices: 5/5 (base); vertices covered by some chain: 13/13; |cost-form|=0.0e+00 |kappa-form|=2.2e-16  [OK]
  form [-1, 0, 1, 1, 1, 2, 2, 2, 3, 2, 0]: 18 vertices; chains feasible at all vertices: 10/10 (base); vertices covered by some chain: 18/18; |cost-form|=4.4e-16 |kappa-form|=4.4e-16  [OK]
  form [-1, 0, 1, 1, 2, 2, 3, 2, 3, 2, -1]: 11 vertices; chains feasible at all vertices: 13/13 (base); vertices covered by some chain: 11/11; |cost-form|=0.0e+00 |kappa-form|=0.0e+00  [OK]
  form [-1, 0, 1, 2, 1, 2, 2, 3, 3, 2, -1]: 11 vertices; chains feasible at all vertices: 13/13 (base); vertices covered by some chain: 11/11; |cost-form|=0.0e+00 |kappa-form|=8.9e-16  [OK]
  form [0, -1, 0, 1, 1, 1, 2, 2, 2, 1, 2]: 14 vertices; chains feasible at all vertices: 5/5 (base); vertices covered by some chain: 14/14; |cost-form|=0.0e+00 |kappa-form|=0.0e+00  [OK]
  form [0, 0, 1, 1, 1, 2, 2, 2, 3, 1, 1]: 23 vertices; chains feasible at all vertices: 5/5 (base); vertices covered by some chain: 23/23; |cost-form|=2.2e-16 |kappa-form|=4.4e-16  [OK]
  form [0, 1, 1, 1, 2, 2, 2, 3, 3, 1, 0]: 21 vertices; chains feasible at all vertices: 5/5 (base); vertices covered by some chain: 21/21; |cost-form|=2.2e-16 |kappa-form|=6.7e-16  [OK]
  form [0, 1, 1, 1, 2, 2, 3, 2, 3, 0, 1]: 13 vertices; chains feasible at all vertices: 5/5 (base); vertices covered by some chain: 13/13; |cost-form|=8.9e-16 |kappa-form|=2.2e-15  [OK]
  form [0, 1, 1, 2, 1, 2, 2, 3, 3, 0, 1]: 13 vertices; chains feasible at all vertices: 5/5 (base); vertices covered by some chain: 13/13; |cost-form|=4.4e-16 |kappa-form|=2.2e-16  [OK]
  form [0, 1, 1, 2, 2, 2, 3, 3, 4, 1, -1]: 11 vertices; chains feasible at all vertices: 13/13 (base); vertices covered by some chain: 11/11; |cost-form|=0.0e+00 |kappa-form|=0.0e+00  [OK]
  form [0, 1, 1, 2, 2, 3, 2, 3, 3, 1, -1]: 11 vertices; chains feasible at all vertices: 5/5 (base); vertices covered by some chain: 11/11; |cost-form|=4.4e-16 |kappa-form|=1.1e-15  [OK]
  form [0, 1, 2, 1, 2, 2, 3, 3, 3, 1, -1]: 11 vertices; chains feasible at all vertices: 5/5 (base); vertices covered by some chain: 11/11; |cost-form|=0.0e+00 |kappa-form|=4.4e-16  [OK]
  form [1, 0, 1, 1, 2, 2, 2, 3, 3, 0, 1]: 15 vertices; chains feasible at all vertices: 5/5 (base); vertices covered by some chain: 15/15; |cost-form|=2.2e-16 |kappa-form|=4.4e-16  [OK]
  form [1, 1, 1, 2, 2, 2, 3, 3, 3, 0, 0]: 23 vertices; chains feasible at all vertices: 1/1 (base); vertices covered by some chain: 23/23; |cost-form|=0.0e+00 |kappa-form|=4.4e-16  [OK]
  form [1, 1, 2, 2, 2, 3, 3, 4, 3, 0, -1]: 13 vertices; chains feasible at all vertices: 5/5 (base); vertices covered by some chain: 13/13; |cost-form|=1.3e-15 |kappa-form|=1.1e-15  [OK]
  form [1, 1, 2, 2, 2, 3, 4, 3, 3, -1, 0]: 17 vertices; chains feasible at all vertices: 5/5 (base); vertices covered by some chain: 17/17; |cost-form|=0.0e+00 |kappa-form|=2.2e-16  [OK]
  form [1, 1, 2, 2, 3, 2, 3, 3, 4, 0, -1]: 13 vertices; chains feasible at all vertices: 5/5 (base); vertices covered by some chain: 13/13; |cost-form|=2.2e-16 |kappa-form|=2.2e-16  [OK]
  form [1, 1, 2, 2, 3, 2, 3, 4, 3, -1, 0]: 13 vertices; chains feasible at all vertices: 5/5 (base); vertices covered by some chain: 13/13; |cost-form|=4.4e-16 |kappa-form|=1.1e-15  [OK]
  form [1, 1, 2, 3, 2, 2, 3, 3, 4, -1, 0]: 17 vertices; chains feasible at all vertices: 5/5 (base); vertices covered by some chain: 17/17; |cost-form|=2.2e-16 |kappa-form|=4.4e-16  [OK]
  form [1, 2, 1, 2, 2, 3, 3, 3, 4, 0, -1]: 13 vertices; chains feasible at all vertices: 5/5 (base); vertices covered by some chain: 13/13; |cost-form|=4.4e-16 |kappa-form|=0.0e+00  [OK]
  form [1, 2, 1, 2, 2, 3, 3, 4, 3, -1, 0]: 13 vertices; chains feasible at all vertices: 5/5 (base); vertices covered by some chain: 13/13; |cost-form|=0.0e+00 |kappa-form|=4.0e-15  [OK]
  form [1, 2, 1, 2, 3, 2, 3, 3, 4, -1, 0]: 13 vertices; chains feasible at all vertices: 5/5 (base); vertices covered by some chain: 13/13; |cost-form|=4.4e-16 |kappa-form|=2.0e-15  [OK]
  form [1, 2, 2, 2, 3, 3, 4, 4, 3, -1, -1]: 17 vertices; chains feasible at all vertices: 5/5 (base); vertices covered by some chain: 17/17; |cost-form|=0.0e+00 |kappa-form|=0.0e+00  [OK]
  form [1, 2, 2, 3, 2, 3, 4, 3, 4, -1, -1]: 13 vertices; chains feasible at all vertices: 5/5 (base); vertices covered by some chain: 13/13; |cost-form|=2.2e-16 |kappa-form|=2.9e-15  [OK]
  form [1, 2, 2, 3, 3, 2, 3, 4, 4, -1, -1]: 17 vertices; chains feasible at all vertices: 5/5 (base); vertices covered by some chain: 17/17; |cost-form|=2.2e-16 |kappa-form|=0.0e+00  [OK]
  form [2, 1, 1, 2, 2, 3, 3, 3, 4, -1, 0]: 18 vertices; chains feasible at all vertices: 5/5 (base); vertices covered by some chain: 18/18; |cost-form|=0.0e+00 |kappa-form|=2.2e-16  [OK]
  form [2, 1, 2, 2, 3, 3, 4, 3, 4, -1, -1]: 13 vertices; chains feasible at all vertices: 5/5 (base); vertices covered by some chain: 13/13; |cost-form|=2.2e-16 |kappa-form|=1.1e-14  [OK]
  form [2, 1, 2, 3, 2, 3, 3, 4, 4, -1, -1]: 13 vertices; chains feasible at all vertices: 5/5 (base); vertices covered by some chain: 13/13; |cost-form|=0.0e+00 |kappa-form|=8.1e-15  [OK]
  form [2, 2, 1, 2, 3, 3, 3, 4, 4, -1, -1]: 18 vertices; chains feasible at all vertices: 5/5 (base); vertices covered by some chain: 18/18; |cost-form|=3.3e-16 |kappa-form|=3.8e-15  [OK]
  form [2, 3, 1, 2, 3, 3, 4, 4, 4, -2, -1]: 11 vertices; chains feasible at all vertices: 5/5 (base); vertices covered by some chain: 11/11; |cost-form|=6.7e-16 |kappa-form|=1.9e-15  [OK]
  form [3, 1, 2, 2, 3, 3, 4, 4, 4, -2, -1]: 11 vertices; chains feasible at all vertices: 5/5 (base); vertices covered by some chain: 11/11; |cost-form|=2.2e-16 |kappa-form|=2.2e-16  [OK]
RESULT m=9 z=2 d=14: 969 chamber vertices; every chamber covered by a single chain feasible at all its vertices: True  (20s)
